year,make,model,trim,model_code,alias,alias_norm,source,created_at,status
2025,Jeep,Wagoneer L,,,,,user,2026-01-28T17:31:50.918954Z,no_data
2025,MAZDA,Electrified Gv70,,,,,user,2026-01-27T15:19:02.365605Z,no_data
2025,Mercedes-Benz,E-Class,E 350,E350W,,,user,2026-01-28T23:39:36.511433Z,mapped
2025,Mercedes-Benz,E-Class,E 350,E350W4,,,user,2026-01-28T23:39:57.127073Z,mapped
2025,jeep,wagoneer s,,,,,user,2026-01-28T17:45:22.154762Z,no_data
2026,BMW,228 Gran Coupe,228,262V,,,user,2026-01-28T23:27:22.952426Z,mapped
2026,BMW,228 Gran Coupe,228 xDrive,262T,,,user,2026-01-28T23:30:02.683015Z,mapped
2026,BMW,230,230i,262B,,,user,2026-01-28T23:54:48.384875Z,mapped
2026,BMW,330,330i NA xDrive,263X,,,user,2026-01-28T23:55:04.472351Z,mapped
2026,BMW,430,430i xDrive,264D,,,user,2026-01-28T23:56:52.103318Z,mapped
2026,BMW,430 Gran Coupe,430i,264R,,,user,2026-01-28T23:56:33.799981Z,mapped
2026,BMW,530,530i,265A,,,user,2026-01-28T23:57:10.435587Z,mapped
2026,BMW,530,530i xDrive,265B,,,user,2026-01-28T23:57:44.816893Z,mapped
2026,BMW,540,540i xDrive,265D,,,user,2026-01-28T23:17:01.660164Z,mapped
2026,BMW,550e,550e xDrive,265E,,,user,2026-01-28T23:58:19.152589Z,mapped
2026,BMW,M235 Gran Coupe,M235 xDrive,262U,,,user,2026-01-28T23:30:25.951809Z,mapped
2026,BMW,M340,M340i NA,263T,,,user,2026-01-28T23:55:22.759896Z,mapped
2026,BMW,M340,M340i NA xDrive,263A,,,user,2026-01-28T23:55:41.116130Z,mapped
2026,BMW,i4,eDrive40,26DA,,,user,2026-01-28T23:55:59.465046Z,mapped
2026,BMW,i4,xDrive40,26DF,,,user,2026-01-28T23:56:17.726698Z,mapped
2026,BMW,i5,xDrive40,265V,,,user,2026-01-28T23:57:26.455881Z,mapped
2026,Mercedes-Benz,AMG CLE 53,AMG CLE 53,CLE53A4,,,user,2026-01-28T23:39:16.017075Z,mapped
2026,audi,A8,55 TFSI quattro,,,,user,2026-01-27T17:07:40.223299Z,no_data
2024,FIAT,500e,INSPI(RED),FGEP24/21A,2024 500e INSPI(RED),2024 500e inspi(red),user,2026-01-27T14:27:56.859022Z,mapped
2024,Ford,F-150 Lightning,Flash,W3L/312A,2024 Ford F-150 Lightning,2024 ford f 150 lightning,user,2026-01-27T19:53:35.601155Z,mapped
2024,Ford,F-150 Lightning,LARIAT,W5L/511A,2024 Ford F-150 Lightning,2024 ford f 150 lightning,user,2026-01-27T19:53:35.601155Z,mapped
2024,Ford,F-150 Lightning,Platinum,W7L/710A,2024 Ford F-150 Lightning,2024 ford f 150 lightning,user,2026-01-27T19:53:35.601155Z,mapped
2024,Ford,F-150 Lightning,Pro,W1B/110A,2024 Ford F-150 Lightning,2024 ford f 150 lightning,user,2026-01-27T19:53:35.601155Z,mapped
2024,Ford,F-150 Lightning,XLT,W3L/311A,2024 Ford F-150 Lightning,2024 ford f 150 lightning,user,2026-01-27T19:53:35.601155Z,mapped
2024,Ford,Maverick,LARIAT,W8M/500A,2024 Ford Maverick,2024 ford maverick,user,2026-01-27T19:52:31.741574Z,mapped
2024,Ford,Maverick,LARIAT Advanced,W8R/500A,2024 Ford Maverick,2024 ford maverick,user,2026-01-27T19:52:31.741574Z,mapped
2024,Ford,Maverick,XL,W8A/100A,2024 Ford Maverick,2024 ford maverick,user,2026-01-27T19:52:31.741574Z,mapped
2024,Ford,Maverick,XLT,W8H/300A,2024 Ford Maverick,2024 ford maverick,user,2026-01-27T19:52:31.741574Z,mapped
2024,Ford,Maverick,XLT Advanced,W8C/300A,2024 Ford Maverick,2024 ford maverick,user,2026-01-27T19:52:31.741574Z,mapped
2024,Acura,Integra,,DE4H2RJW,2024 INTEGRA Exclude Type S,2024 integra exclude type s,user,2026-01-27T16:33:09.861663Z,mapped
2024,Jaguar,F-TYPE,75,HL152/351RM,2024 Jaguar F-TYPE,2024 jaguar f type,user,2026-01-28T15:27:56.686729Z,mapped
2024,Jaguar,F-TYPE,R-Dynamic,HN152/351RH,2024 Jaguar F-TYPE,2024 jaguar f type,user,2026-01-28T15:27:56.686729Z,mapped
2024,Jaguar,F-TYPE,R75,HL152/351RJ,2024 Jaguar F-TYPE,2024 jaguar f type,user,2026-01-28T15:27:56.686729Z,mapped
2024,Jaguar,XF,R-Dynamic SE,HC260/260KV,2024 Jaguar XF,2024 jaguar xf,user,2026-01-28T15:28:32.984909Z,mapped
2024,Acura,ZDX,Type S,3B2H6REW,2024 ZDX,2024 zdx,user,2026-01-27T16:05:37.528010Z,mapped
2025,FIAT,500e,INSPI(RED),FGEP24/21A,2025 500e INSPI(RED),2025 500e inspi(red),user,2026-01-27T14:27:37.631549Z,mapped
2025,Fiat,FIAT 500e,,,2025 500e INSPI(RED),2025 500e inspi(red),user,2026-01-27T18:20:20.998215Z,no_data
2025,Honda,Accord Sedan,,,2025 Accord 1.5T LX,2025 accord 1.5t lx,user,2026-01-28T14:31:43.457179Z,no_data
2025,Honda,Accord Hybrid,EX-L,CY2F6SJNW,2025 Accord Hybrid,2025 accord hybrid,user,2026-01-28T15:01:07.127266Z,mapped
2025,Honda,Accord Hybrid,Sport,CY2F5SJW,2025 Accord Hybrid,2025 accord hybrid,user,2026-01-28T15:01:07.127266Z,mapped
2025,Honda,Accord Hybrid,Sport-L,CY2F7SJXW,2025 Accord Hybrid,2025 accord hybrid,user,2026-01-28T15:01:07.127266Z,mapped
2025,Honda,Accord Hybrid,Touring,CY2F8SKNW,2025 Accord Hybrid,2025 accord hybrid,user,2026-01-28T15:01:07.127266Z,mapped
2025,Honda,Accord Hybrid,Sport,CY2F5SJW,2025 Accord Hybrid Sport,2025 accord hybrid sport,user,2026-01-27T18:41:32.495491Z,mapped
2025,Honda,Accord Sedan,,,2025 Accord LX,2025 accord lx,user,2026-01-27T18:43:05.054595Z,no_data
2025,Honda,Accord Sedan,,,2025 Accord Sedan,2025 accord sedan,user,2026-01-28T14:59:59.188228Z,no_data
2025,Acura,ADX,,SA1H3SJNW,2025 ADX,2025 adx,user,2026-01-27T15:08:37.818172Z,mapped
2025,Acura,ADX,w/A-Spec Advance Package,SA1H7SJNW,2025 ADX,2025 adx,user,2026-01-27T15:08:37.818172Z,mapped
2025,Acura,ADX,w/A-Spec Package,SA1H5SJNW,2025 ADX,2025 adx,user,2026-01-27T15:08:37.818172Z,mapped
2025,Acura,ADX,,SA1H3SJNW,2025 ADX FWD Continuously Variable Transmission,2025 adx fwd continuously variable transmission,user,2026-01-27T15:07:34.960617Z,mapped
2025,Audi,A5,Premium,F5FBZY,2025 Audi A5 quattro,2025 audi a5 quattro,user,2026-01-27T17:11:46.975330Z,mapped
2025,Audi,A5,Premium Plus,F5FBZY,2025 Audi A5 quattro,2025 audi a5 quattro,user,2026-01-27T17:11:46.975330Z,mapped
2025,Audi,A5,Prestige,F5FBZY,2025 Audi A5 quattro,2025 audi a5 quattro,user,2026-01-27T17:11:46.975330Z,mapped
2025,Audi,A5,S line Premium,F5FCAY,2025 Audi A5 quattro,2025 audi a5 quattro,user,2026-01-27T17:11:46.975330Z,mapped
2025,Audi,A5,S line Premium Plus,F5FCAY,2025 Audi A5 quattro,2025 audi a5 quattro,user,2026-01-27T17:11:46.975330Z,mapped
2025,Audi,A5,S line Prestige,F5FCAY,2025 Audi A5 quattro,2025 audi a5 quattro,user,2026-01-27T17:11:46.975330Z,mapped
2025,Audi,A5,Premium,F5FBZY,2025 Audi A5 quattro Premium,2025 audi a5 quattro premium,user,2026-01-27T17:03:08.165451Z,mapped
2025,Audi,A5,Premium Plus,F5FBZY,2025 Audi A5 quattro Premium Plus,2025 audi a5 quattro premium plus,user,2026-01-27T17:05:56.954261Z,mapped
2025,Audi,A6,Premium,4A2B3Y,2025 Audi A6 Sedan 55 TFSI quattro,2025 audi a6 sedan 55 tfsi quattro,user,2026-01-27T17:33:11.185981Z,mapped
2025,Audi,A6,Premium Plus,4A2B3Y,2025 Audi A6 Sedan 55 TFSI quattro,2025 audi a6 sedan 55 tfsi quattro,user,2026-01-27T17:33:11.185981Z,mapped
2025,Audi,A6,Prestige,4A2C2Y,2025 Audi A6 Sedan 55 TFSI quattro,2025 audi a6 sedan 55 tfsi quattro,user,2026-01-27T17:33:11.185981Z,mapped
2025,Audi,A6,Premium,4A2B3Y,2025 Audi A6 Sedan Sport,2025 audi a6 sedan sport,user,2026-01-27T17:30:08.845192Z,mapped
2025,Audi,A6,Premium Plus,4A2B3Y,2025 Audi A6 Sedan Sport,2025 audi a6 sedan sport,user,2026-01-27T17:30:08.845192Z,mapped
2025,Audi,A6,Prestige,4A2C2Y,2025 Audi A6 Sedan Sport,2025 audi a6 sedan sport,user,2026-01-27T17:30:08.845192Z,mapped
2025,Audi,A6,Premium,4A2C2Y,2025 Audi A6 Sedan Sport 45 TFSI quattro,2025 audi a6 sedan sport 45 tfsi quattro,user,2026-01-27T17:43:02.063191Z,mapped
2025,Audi,A6,Premium Plus,4A2C2Y,2025 Audi A6 Sedan Sport 45 TFSI quattro,2025 audi a6 sedan sport 45 tfsi quattro,user,2026-01-27T17:43:02.063191Z,mapped
2025,Audi,A6,Prestige,4A2C2Y,2025 Audi A6 Sedan Sport 45 TFSI quattro,2025 audi a6 sedan sport 45 tfsi quattro,user,2026-01-27T17:43:02.063191Z,mapped
2025,Audi,A7,Premium,4KA02Y,2025 Audi A7 55 TFSI quattro,2025 audi a7 55 tfsi quattro,user,2026-01-27T17:45:29.981974Z,mapped
2025,Audi,A7,Premium Plus,4KA02Y,2025 Audi A7 55 TFSI quattro,2025 audi a7 55 tfsi quattro,user,2026-01-27T17:45:29.981974Z,mapped
2025,Audi,A7,Prestige,4KA02Y,2025 Audi A7 55 TFSI quattro,2025 audi a7 55 tfsi quattro,user,2026-01-27T17:45:29.981974Z,mapped
2025,Audi,A8,,4NL5DA,2025 Audi A8 55 TFSI quattro,2025 audi a8 55 tfsi quattro,user,2026-01-27T17:34:14.175351Z,mapped
2025,Audi,Q3,S line Premium,F3BCEA,2025 Audi Q3 S line 45 TFSI quattro,2025 audi q3 s line 45 tfsi quattro,user,2026-01-27T17:35:25.593459Z,mapped
2025,Audi,Q3,S line Premium Plus,F3BCEA,2025 Audi Q3 S line 45 TFSI quattro,2025 audi q3 s line 45 tfsi quattro,user,2026-01-27T17:35:25.593459Z,mapped
2025,Audi,Q3,S line Premium Plus,F3BCEA,2025 Audi Q3 S line 45 TFSI quattro Premium,2025 audi q3 s line 45 tfsi quattro premium,user,2026-01-27T16:59:05.272499Z,mapped
2025,Audi,Q3,S line Premium Plus,F3BCEA,2025 Audi Q3 S line 45 TFSI quattro Premium Plus,2025 audi q3 s line 45 tfsi quattro premium plus,user,2026-01-27T17:04:27.554997Z,mapped
2025,Audi,Q5,Premium,FYGBZY,2025 Audi Q5 quattro,2025 audi q5 quattro,user,2026-01-27T17:08:36.013877Z,mapped
2025,Audi,Q5,Premium Plus,FYGBZY,2025 Audi Q5 quattro,2025 audi q5 quattro,user,2026-01-27T17:08:36.013877Z,mapped
2025,Audi,Q5,Prestige,FYGBZY,2025 Audi Q5 quattro,2025 audi q5 quattro,user,2026-01-27T17:08:36.013877Z,mapped
2025,Audi,Q5,S line Premium,FYGCAY,2025 Audi Q5 quattro,2025 audi q5 quattro,user,2026-01-27T17:08:36.013877Z,mapped
2025,Audi,Q5,S line Premium Plus,FYGCAY,2025 Audi Q5 quattro,2025 audi q5 quattro,user,2026-01-27T17:08:36.013877Z,mapped
2025,Audi,Q5,S line Prestige,FYGCAY,2025 Audi Q5 quattro,2025 audi q5 quattro,user,2026-01-27T17:08:36.013877Z,mapped
2025,Audi,Q5,Premium,FYGBZY,2025 Audi Q5 quattro Premium,2025 audi q5 quattro premium,user,2026-01-27T16:59:52.855266Z,mapped
2025,Audi,Q5,Premium Plus,FYGBZY,2025 Audi Q5 quattro Premium Plus,2025 audi q5 quattro premium plus,user,2026-01-27T17:00:32.495164Z,mapped
2025,Audi,Q5,Premium,FYGBZY,2025 Audi Q5 Sportback 45 TFSI,2025 audi q5 sportback 45 tfsi,user,2026-01-27T17:09:13.107507Z,mapped
2025,Audi,Q5,Premium Plus,FYGBZY,2025 Audi Q5 Sportback 45 TFSI,2025 audi q5 sportback 45 tfsi,user,2026-01-27T17:09:13.107507Z,mapped
2025,Audi,Q5,Prestige,FYGBZY,2025 Audi Q5 Sportback 45 TFSI,2025 audi q5 sportback 45 tfsi,user,2026-01-27T17:09:13.107507Z,mapped
2025,Audi,Q5,S line Premium,FYGCAY,2025 Audi Q5 Sportback 45 TFSI,2025 audi q5 sportback 45 tfsi,user,2026-01-27T17:09:13.107507Z,mapped
2025,Audi,Q5,S line Premium Plus,FYGCAY,2025 Audi Q5 Sportback 45 TFSI,2025 audi q5 sportback 45 tfsi,user,2026-01-27T17:09:13.107507Z,mapped
2025,Audi,Q5,S line Prestige,FYGCAY,2025 Audi Q5 Sportback 45 TFSI,2025 audi q5 sportback 45 tfsi,user,2026-01-27T17:09:13.107507Z,mapped
2025,Audi,Q7,Premium,4MQAC1,2025 Audi Q7 45 TFSI quattro,2025 audi q7 45 tfsi quattro,user,2026-01-27T17:37:31.954651Z,mapped
2025,Audi,Q7,Premium Plus,4MQAC1,2025 Audi Q7 45 TFSI quattro,2025 audi q7 45 tfsi quattro,user,2026-01-27T17:37:31.954651Z,mapped
2025,Audi,Q7,Prestige,4MQAX2,2025 Audi Q7 45 TFSI quattro,2025 audi q7 45 tfsi quattro,user,2026-01-27T17:37:31.954651Z,mapped
2025,Audi,Q8,Premium,4MT5X2,2025 Audi Q8 55 TFSI quattro,2025 audi q8 55 tfsi quattro,user,2026-01-27T17:39:27.181183Z,mapped
2025,Audi,Q8,Premium Plus,4MT5X2,2025 Audi Q8 55 TFSI quattro,2025 audi q8 55 tfsi quattro,user,2026-01-27T17:39:27.181183Z,mapped
2025,Audi,Q8,Prestige,4MT5X2,2025 Audi Q8 55 TFSI quattro,2025 audi q8 55 tfsi quattro,user,2026-01-27T17:39:27.181183Z,mapped
2025,Audi,S6,Premium,4A2SFA,2025 Audi S6 Sedan quattro,2025 audi s6 sedan quattro,user,2026-01-27T17:44:26.355324Z,mapped
2025,Audi,S6,Premium Plus,4A2SFA,2025 Audi S6 Sedan quattro,2025 audi s6 sedan quattro,user,2026-01-27T17:44:26.355324Z,mapped
2025,Audi,S6,Prestige,4A2SFA,2025 Audi S6 Sedan quattro,2025 audi s6 sedan quattro,user,2026-01-27T17:44:26.355324Z,mapped
2025,Audi,S7,Premium,4KASFA,2025 Audi S7 quattro,2025 audi s7 quattro,user,2026-01-27T17:45:51.474693Z,mapped
2025,Audi,S7,Premium Plus,4KASFA,2025 Audi S7 quattro,2025 audi s7 quattro,user,2026-01-27T17:45:51.474693Z,mapped
2025,Audi,S7,Prestige,4KASFA,2025 Audi S7 quattro,2025 audi s7 quattro,user,2026-01-27T17:45:51.474693Z,mapped
2025,Audi,S8,,4NL5SA,2025 Audi S8 quattro,2025 audi s8 quattro,user,2026-01-27T17:46:29.992717Z,mapped
2025,Audi,SQ5,Premium,FYGS4A,2025 Audi SQ5,2025 audi sq5,user,2026-01-27T17:09:48.073249Z,mapped
2025,Audi,SQ5,Premium Plus,FYGS4A,2025 Audi SQ5,2025 audi sq5,user,2026-01-27T17:09:48.073249Z,mapped
2025,Audi,SQ5,Prestige,FYGS4A,2025 Audi SQ5,2025 audi sq5,user,2026-01-27T17:09:48.073249Z,mapped
2025,Audi,SQ5,Premium,FYGS4A,2025 Audi SQ5 Sportback,2025 audi sq5 sportback,user,2026-01-27T17:10:25.240694Z,mapped
2025,Audi,SQ5,Premium Plus,FYGS4A,2025 Audi SQ5 Sportback,2025 audi sq5 sportback,user,2026-01-27T17:10:25.240694Z,mapped
2025,Audi,SQ5,Prestige,FYGS4A,2025 Audi SQ5 Sportback,2025 audi sq5 sportback,user,2026-01-27T17:10:25.240694Z,mapped
2025,Audi,SQ7,Premium Plus,4MQSW1,2025 Audi SQ7 quattro,2025 audi sq7 quattro,user,2026-01-27T17:38:50.853799Z,mapped
2025,Audi,SQ7,Prestige,4MQSW1,2025 Audi SQ7 quattro,2025 audi sq7 quattro,user,2026-01-27T17:38:50.853799Z,mapped
2025,Subaru,BRZ,Limited,SZE/11,2025 BRZ Premium,2025 brz premium,user,2026-01-27T15:17:55.043212Z,mapped
2025,Dodge,Charger Daytona,R/T,LB7M29/25M,2025 CHARGER 2-DOOR DAYTONA R/T AWD,2025 charger 2 door daytona r t awd,user,2026-01-27T18:07:03.659705Z,mapped
2025,Dodge,Charger Daytona,Scat Pack,LB7S29/25S,2025 CHARGER 2-DOOR DAYTONA SCAT PACK AWD,2025 charger 2 door daytona scat pack awd,user,2026-01-27T18:07:27.300364Z,mapped
2025,Honda,Civic Type R,,FL5G4SGW,2025 Civic Type R,2025 civic type r,user,2026-01-28T15:07:37.130973Z,mapped
2025,Mercedes-Benz,CLA 250,CLA 250,CLA250C4,2025 CLA 250,2025 cla 250,user,2026-01-27T21:07:35.848539Z,mapped
2025,Jeep,Compass,Latitude,MPJM74/29J,2025 COMPASS LATITUDE 4X4,2025 compass latitude 4x4,user,2026-01-28T15:30:11.480201Z,mapped
2025,Jeep,Compass,Limited,MPJP74/29G,2025 COMPASS LIMITED 4X4,2025 compass limited 4x4,user,2026-01-28T15:30:46.027913Z,mapped
2025,Jeep,Compass,Sport,MPJL74/29A,2025 COMPASS SPORT 4X4,2025 compass sport 4x4,user,2026-01-28T16:44:18.626584Z,mapped
2025,Jeep,Compass,Trailhawk,MPJH74/29E,2025 COMPASS TRAILHAWK 4X4,2025 compass trailhawk 4x4,user,2026-01-28T15:31:08.461487Z,mapped
2025,Land Rover,Discovery,Dynamic SE,HB462/462AL,2025 Discovery models,2025 discovery models,user,2026-01-27T16:31:12.216158Z,mapped
2025,Land Rover,Discovery,Metropolitan Edition,HB462/462AB,2025 Discovery models,2025 discovery models,user,2026-01-27T16:31:12.216158Z,mapped
2025,Land Rover,Discovery,S,HC462/351QG,2025 Discovery models,2025 discovery models,user,2026-01-27T16:31:12.216158Z,mapped
2025,Land Rover,Discovery,S,HC462/351QG,2025 Discovery P300 S,2025 discovery p300 s,user,2026-01-27T16:18:11.754829Z,mapped
2025,Land Rover,Discovery Sport,Dynamic SE,HQ550/352VP,2025 Discovery Sport Models,2025 discovery sport models,user,2026-01-27T16:30:17.034624Z,mapped
2025,Land Rover,Discovery Sport,S,HQ550/351LB,2025 Discovery Sport Models,2025 discovery sport models,user,2026-01-27T16:30:17.034624Z,mapped
2025,Land Rover,Discovery Sport,S,HQ550/351LB,2025 Discovery Sport S P250,2025 discovery sport s p250,user,2026-01-27T16:17:01.565016Z,mapped
2025,Dodge,Durango,GT,WDEH75/2BD,2025 DURANGO GT AWD,2025 durango gt awd,user,2026-01-27T17:56:22.632511Z,mapped
2025,Dodge,Durango,GT Plus,WDEH75/2BD,2025 DURANGO GT PLUS AWD,2025 durango gt plus awd,user,2026-01-27T18:02:31.959636Z,mapped
2025,Dodge,Durango,GT,WDDH75/2BD,2025 DURANGO GT RWD,2025 durango gt rwd,user,2026-01-27T17:54:58.759027Z,mapped
2025,Dodge,Durango,R/T 20th Anniversary Plus,WDES75/22S,2025 DURANGO R/T 20TH ANNIVERSARY PLUS AWD,2025 durango r t 20th anniversary plus awd,user,2026-01-27T18:08:41.877220Z,mapped
2025,Dodge,Durango,R/T 20th Anniversary Premium,WDES75/22S,2025 DURANGO R/T 20TH ANNIVERSARY PREMIUM AWD,2025 durango r t 20th anniversary premium awd,user,2026-01-27T18:09:22.464750Z,mapped
2025,Dodge,Durango,R/T,WDES75/22S,2025 DURANGO R/T AWD,2025 durango r t awd,user,2026-01-27T18:02:52.263929Z,mapped
2025,Dodge,Durango,R/T Plus,WDES75/22S,2025 DURANGO R/T PLUS AWD,2025 durango r t plus awd,user,2026-01-27T18:03:19.000351Z,mapped
2025,Dodge,Durango,R/T Premium,WDES75/22S,2025 DURANGO R/T PREMIUM AWD,2025 durango r t premium awd,user,2026-01-27T18:08:17.043553Z,mapped
2025,Dodge,Durango,SRT Hellcat,WDEM75/2XA,2025 DURANGO SRT HELLCAT AWD,2025 durango srt hellcat awd,user,2026-01-27T18:03:39.273644Z,mapped
2025,Dodge,Durango,SRT Hellcat Brass Monkey,WDEM75/2XA,2025 DURANGO SRT HELLCAT BRASS MONKEY AWD,2025 durango srt hellcat brass monkey awd,user,2026-01-27T18:10:21.124973Z,mapped
2025,Dodge,Durango,SRT Hellcat Hammerhead,WDEM75/2XA,2025 DURANGO SRT HELLCAT HAMMERHEAD AWD,2025 durango srt hellcat hammerhead awd,user,2026-01-27T18:09:51.374719Z,mapped
2025,Dodge,Durango,SRT Hellcat Silver Bullet,WDEM75/2XA,2025 DURANGO SRT HELLCAT SILVER BULLET AWD,2025 durango srt hellcat silver bullet awd,user,2026-01-27T18:03:56.813300Z,mapped
2025,Mitsubishi,Eclipse Cross,Black Edition,EC45-H/R52,2025 Eclipse Cross,2025 eclipse cross,user,2026-01-28T13:55:30.705332Z,mapped
2025,Mitsubishi,Eclipse Cross,ES,EC45-B/A51,2025 Eclipse Cross,2025 eclipse cross,user,2026-01-28T13:55:30.705332Z,mapped
2025,Mitsubishi,Eclipse Cross,LE,EC45-F/E51,2025 Eclipse Cross,2025 eclipse cross,user,2026-01-28T13:55:30.705332Z,mapped
2025,Mitsubishi,Eclipse Cross,Ralliart,EC45-R/R51,2025 Eclipse Cross,2025 eclipse cross,user,2026-01-28T13:55:30.705332Z,mapped
2025,Mitsubishi,Eclipse Cross,SE,EC45-J/E52,2025 Eclipse Cross,2025 eclipse cross,user,2026-01-28T13:55:30.705332Z,mapped
2025,Mitsubishi,Eclipse Cross,SEL,EC45-N/E54,2025 Eclipse Cross,2025 eclipse cross,user,2026-01-28T13:55:30.705332Z,mapped
2025,Mitsubishi,Eclipse Cross,Black Edition,EC45-H/R52,2025 Eclipse Cross (SE/SEL/Black Edition),2025 eclipse cross (se sel black edition),user,2026-01-28T13:56:45.523347Z,mapped
2025,Mitsubishi,Eclipse Cross,SE,EC45-J/E52,2025 Eclipse Cross (SE/SEL/Black Edition),2025 eclipse cross (se sel black edition),user,2026-01-28T13:56:45.523347Z,mapped
2025,Mitsubishi,Eclipse Cross,SEL,EC45-N/E54,2025 Eclipse Cross (SE/SEL/Black Edition),2025 eclipse cross (se sel black edition),user,2026-01-28T13:56:45.523347Z,mapped
2025,Hyundai,Elantra,Limited,494J2F4S/01,2025 ELANTRA LIMITED,2025 elantra limited,user,2026-01-27T19:05:20.862277Z,mapped
2025,Hyundai,Elantra,N Line,49452FT5/01,2025 ELANTRA N LINE,2025 elantra n line,user,2026-01-27T19:05:34.365712Z,mapped
2025,Hyundai,Elantra N,,4N4A2FT5/01,2025 ELANTRA N N,2025 elantra n n,user,2026-01-27T19:06:01.671086Z,mapped
2025,Hyundai,Elantra,SE,494E2F4S/01,2025 ELANTRA SE,2025 elantra se,user,2026-01-27T19:04:42.786917Z,mapped
2025,Hyundai,Elantra,SEL Convenience,494H2F4S/01,2025 ELANTRA SEL CONVENIENCE,2025 elantra sel convenience,user,2026-01-27T19:05:08.299743Z,mapped
2025,Hyundai,Elantra,SEL Sport,494G2F4S/01,2025 ELANTRA SEL SPORT,2025 elantra sel sport,user,2026-01-27T19:04:55.442008Z,mapped
2025,Lexus,ESh,,,2025 ES 300h,2025 es 300h,user,2026-01-28T18:00:07.902854Z,no_data
2025,Lexus,ES,,,2025 ES 350,2025 es 350,user,2026-01-28T18:03:55.996929Z,no_data
2025,Lexus,ES 350,ES 350,9000,2025 ES 350,2025 es 350,user,2026-01-27T21:03:48.780851Z,mapped
2025,Kia,EV6,Light Long Range,N5442,2025 EV6 Light Long Range AWD,2025 ev6 light long range awd,user,2026-01-27T19:54:57.314500Z,mapped
2025,Kia,EV6,Light Long Range,N4342,2025 EV6 Light Long Range RWD,2025 ev6 light long range rwd,user,2026-01-27T19:54:46.512680Z,mapped
2025,Ford,Bronco,Badlands,E9A/331A,2025 Ford Bronco,2025 ford bronco,user,2026-01-27T19:22:16.543371Z,mapped
2025,Ford,Bronco,Base,E6A/101A,2025 Ford Bronco,2025 ford bronco,user,2026-01-27T19:22:16.543371Z,mapped
2025,Ford,Bronco,Big Bend,E7B/221A,2025 Ford Bronco,2025 ford bronco,user,2026-01-27T19:22:16.543371Z,mapped
2025,Ford,Bronco,Heritage Edition,E4D/662A,2025 Ford Bronco,2025 ford bronco,user,2026-01-27T19:22:16.543371Z,mapped
2025,Ford,Bronco,Outer Banks,E8B/312A,2025 Ford Bronco,2025 ford bronco,user,2026-01-27T19:22:16.543371Z,mapped
2025,Ford,Bronco,Raptor,E0R/374A,2025 Ford Bronco,2025 ford bronco,user,2026-01-27T19:22:16.543371Z,mapped
2025,Ford,Bronco,Stroppe Edition,E0A/564A,2025 Ford Bronco,2025 ford bronco,user,2026-01-27T19:22:16.543371Z,mapped
2025,Ford,Bronco,Big Bend,E7B/221A,2025 Ford Bronco Big Bend,2025 ford bronco big bend,user,2026-01-27T19:49:33.247959Z,mapped
2025,Ford,Bronco,Big Bend,E7B/221A,2025 Ford Bronco Big Bend 4-Door,2025 ford bronco big bend 4 door,user,2026-01-27T19:53:04.249921Z,mapped
2025,Ford,Bronco,Big Bend,E7B/221A,2025 Ford Bronco Big Bend 4x4 4-door Auto Transmission,2025 ford bronco big bend 4x4 4 door auto transmission,user,2026-01-27T19:22:56.605500Z,mapped
2025,Ford,Bronco Sport,Badlands,R9D/400A,2025 Ford Bronco Sport,2025 ford bronco sport,user,2026-01-27T19:50:27.557664Z,mapped
2025,Ford,Bronco Sport,Big Bend,R9B/200A,2025 Ford Bronco Sport,2025 ford bronco sport,user,2026-01-27T19:50:27.557664Z,mapped
2025,Ford,Bronco Sport,Free Wheeling,R9K/220A,2025 Ford Bronco Sport,2025 ford bronco sport,user,2026-01-27T19:50:27.557664Z,mapped
2025,Ford,Bronco Sport,Heritage,R9G/250A,2025 Ford Bronco Sport,2025 ford bronco sport,user,2026-01-27T19:50:27.557664Z,mapped
2025,Ford,Bronco Sport,Outer Banks,R9C/300A,2025 Ford Bronco Sport,2025 ford bronco sport,user,2026-01-27T19:50:27.557664Z,mapped
2025,Ford,Bronco Sport,Big Bend,R9B/200A,2025 Ford Bronco Sport Big Bend,2025 ford bronco sport big bend,user,2026-01-27T19:48:24.812899Z,mapped
2025,Ford,Bronco Sport,Big Bend,R9B/200A,2025 Ford Bronco Sport Big Bend 4x4,2025 ford bronco sport big bend 4x4,user,2026-01-27T19:22:04.797857Z,mapped
2025,Ford,Bronco Sport,Big Bend,R9B/200A,2025 Ford Bronco Sport Big Bend Black Diamond,2025 ford bronco sport big bend black diamond,user,2026-01-27T19:20:54.120917Z,mapped
2025,Ford,Escape,Active,U0G/200A,2025 Ford Escape,2025 ford escape,user,2026-01-27T19:23:43.568497Z,mapped
2025,Ford,Escape,PHEV,U0E/700A,2025 Ford Escape,2025 ford escape,user,2026-01-27T19:23:43.568497Z,mapped
2025,Ford,Escape,Platinum,U0J/600A,2025 Ford Escape,2025 ford escape,user,2026-01-27T19:23:43.568497Z,mapped
2025,Ford,Escape,ST-Line,U0M/300A,2025 Ford Escape,2025 ford escape,user,2026-01-27T19:23:43.568497Z,mapped
2025,Ford,Escape,ST-Line Elite,U9P/500A,2025 Ford Escape,2025 ford escape,user,2026-01-27T19:23:43.568497Z,mapped
2025,Ford,Escape,ST-Line Select,U9N/400A,2025 Ford Escape,2025 ford escape,user,2026-01-27T19:23:43.568497Z,mapped
2025,Ford,Escape,Active,U9G/200A,2025 Ford Escape Active AWD,2025 ford escape active awd,user,2026-01-27T19:50:17.590929Z,mapped
2025,Ford,Escape,Active,U0G/200A,2025 Ford Escape Active AWD 1.5L Gas,2025 ford escape active awd 1.5l gas,user,2026-01-27T19:20:41.355048Z,mapped
2025,Ford,Escape,Active,U0G/200A,"2025 Ford Escape Gas, Hybrid","2025 ford escape gas, hybrid",user,2026-01-27T19:21:24.935148Z,mapped
2025,Ford,Escape,PHEV,U0E/700A,"2025 Ford Escape Gas, Hybrid","2025 ford escape gas, hybrid",user,2026-01-27T19:21:24.935148Z,mapped
2025,Ford,Escape,Platinum,U0J/600A,"2025 Ford Escape Gas, Hybrid","2025 ford escape gas, hybrid",user,2026-01-27T19:21:24.935148Z,mapped
2025,Ford,Escape,ST-Line,U0M/300A,"2025 Ford Escape Gas, Hybrid","2025 ford escape gas, hybrid",user,2026-01-27T19:21:24.935148Z,mapped
2025,Ford,Escape,ST-Line Elite,U9P/500A,"2025 Ford Escape Gas, Hybrid","2025 ford escape gas, hybrid",user,2026-01-27T19:21:24.935148Z,mapped
2025,Ford,Escape,ST-Line Select,U9N/400A,"2025 Ford Escape Gas, Hybrid","2025 ford escape gas, hybrid",user,2026-01-27T19:21:24.935148Z,mapped
2025,Ford,Escape,PHEV,U0E/700A,2025 Ford Escape PHEV,2025 ford escape phev,user,2026-01-27T19:52:03.827839Z,mapped
2025,Ford,Expedition,Active,U1J/200A,2025 Ford Expedition Active 4x4,2025 ford expedition active 4x4,user,2026-01-27T19:48:48.707596Z,mapped
2025,Ford,Explorer,Active,K7D/200A,2025 Ford Explorer,2025 ford explorer,user,2026-01-27T19:23:09.985777Z,mapped
2025,Ford,Explorer,Platinum,K7H/600A,2025 Ford Explorer,2025 ford explorer,user,2026-01-27T19:23:09.985777Z,mapped
2025,Ford,Explorer,ST,K7G/400A,2025 Ford Explorer,2025 ford explorer,user,2026-01-27T19:23:09.985777Z,mapped
2025,Ford,Explorer,ST-Line,K7K/300A,2025 Ford Explorer,2025 ford explorer,user,2026-01-27T19:23:09.985777Z,mapped
2025,Ford,Explorer,Active,K8D/200A,2025 Ford Explorer Active 4WD,2025 ford explorer active 4wd,user,2026-01-27T19:49:42.702572Z,mapped
2025,Ford,Explorer,Active,K8D/200A,2025 Ford Explorer Active 4WD with Comfort Package,2025 ford explorer active 4wd with comfort package,user,2026-01-27T19:47:37.049427Z,mapped
2025,Ford,Explorer,Active,K8D/200A,2025 Ford Explorer Active 4WD with Comfort Pkg,2025 ford explorer active 4wd with comfort pkg,user,2026-01-27T19:51:35.250983Z,mapped
2025,Ford,F-150 Lightning,Flash,W3L/312A,2025 Ford F-150 Lightning,2025 ford f 150 lightning,user,2026-01-27T19:53:54.605127Z,mapped
2025,Ford,F-150 Lightning,LARIAT,W5L/511A,2025 Ford F-150 Lightning,2025 ford f 150 lightning,user,2026-01-27T19:53:54.605127Z,mapped
2025,Ford,F-150 Lightning,Platinum,W7L/710A,2025 Ford F-150 Lightning,2025 ford f 150 lightning,user,2026-01-27T19:53:54.605127Z,mapped
2025,Ford,F-150 Lightning,Pro,W1B/110A,2025 Ford F-150 Lightning,2025 ford f 150 lightning,user,2026-01-27T19:53:54.605127Z,mapped
2025,Ford,F-150 Lightning,XLT,W3L/311A,2025 Ford F-150 Lightning,2025 ford f 150 lightning,user,2026-01-27T19:53:54.605127Z,mapped
2025,Ford,Maverick,LARIAT,W8S/501A,2025 Ford Maverick,2025 ford maverick,user,2026-01-27T19:52:38.980236Z,mapped
2025,Ford,Maverick,Lobo High,W8P/702A,2025 Ford Maverick,2025 ford maverick,user,2026-01-27T19:52:38.980236Z,mapped
2025,Ford,Maverick,Lobo Standard,W8T/402A,2025 Ford Maverick,2025 ford maverick,user,2026-01-27T19:52:38.980236Z,mapped
2025,Ford,Maverick,Tremor,W8N/602A,2025 Ford Maverick,2025 ford maverick,user,2026-01-27T19:52:38.980236Z,mapped
2025,Ford,Maverick,XL,W8A/100A,2025 Ford Maverick,2025 ford maverick,user,2026-01-27T19:52:38.980236Z,mapped
2025,Ford,Maverick,XLT,W8H/300A,2025 Ford Maverick,2025 ford maverick,user,2026-01-27T19:52:38.980236Z,mapped
2025,Ford,Mustang,Dark Horse,P8R/600A,2025 Ford Mustang,2025 ford mustang,user,2026-01-27T19:18:51.128944Z,mapped
2025,Ford,Mustang,EcoBoost,P8T/100A,2025 Ford Mustang,2025 ford mustang,user,2026-01-27T19:18:51.128944Z,mapped
2025,Ford,Mustang,EcoBoost Premium,P8T/200A,2025 Ford Mustang,2025 ford mustang,user,2026-01-27T19:18:51.128944Z,mapped
2025,Ford,Mustang,GT,P8C/300A,2025 Ford Mustang,2025 ford mustang,user,2026-01-27T19:18:51.128944Z,mapped
2025,Ford,Mustang,GT Premium,P8C/400A,2025 Ford Mustang,2025 ford mustang,user,2026-01-27T19:18:51.128944Z,mapped
2025,Ford,Mustang,EcoBoost,P8T/100A,2025 Ford Mustang Coupe EcoBoost Auto Transmission,2025 ford mustang coupe ecoboost auto transmission,user,2026-01-27T19:19:19.389526Z,mapped
2025,Ford,Mustang,EcoBoost,P8T/100A,2025 Ford Mustang EcoBoost,2025 ford mustang ecoboost,user,2026-01-27T19:22:39.751992Z,mapped
2025,Ford,Mustang,EcoBoost Premium,P8T/200A,2025 Ford Mustang EcoBoost,2025 ford mustang ecoboost,user,2026-01-27T19:22:39.751992Z,mapped
2025,Ford,Mustang,EcoBoost,P8T/100A,2025 Ford Mustang EcoBoost Coupe,2025 ford mustang ecoboost coupe,user,2026-01-27T19:50:47.939326Z,mapped
2025,Ford,Mustang Mach-E,GT,K4S/400A,2025 Ford Mustang Mach-E,2025 ford mustang mach e,user,2026-01-27T19:47:54.046680Z,mapped
2025,Ford,Mustang Mach-E,Premium,K3R/300A,2025 Ford Mustang Mach-E,2025 ford mustang mach e,user,2026-01-27T19:47:54.046680Z,mapped
2025,Ford,Mustang Mach-E,Select,K1R/100A,2025 Ford Mustang Mach-E,2025 ford mustang mach e,user,2026-01-27T19:47:54.046680Z,mapped
2025,Ford,Mustang Mach-E,Premium,K3R/300A,2025 Ford Mustang Mach-E Premium AWD Extended Battery,2025 ford mustang mach e premium awd extended battery,user,2026-01-27T19:49:10.969672Z,mapped
2025,Alfa Romeo,Giulia,Special Edition,GAFT41/22Y,2025 GIULIA,2025 giulia,user,2026-01-27T16:39:48.591273Z,mapped
2025,Alfa Romeo,Giulia,,GAFL41/22L,2025 GIULIA AWD,2025 giulia awd,user,2026-01-27T16:33:22.095003Z,mapped
2025,Alfa Romeo,Giulia,Special Edition,GAFT41/22Y,2025 GIULIA AWD,2025 giulia awd,user,2026-01-27T16:33:22.095003Z,mapped
2025,Alfa Romeo,Giulia,Intensa,GAFM41/22F,2025 GIULIA intensa,2025 giulia intensa,user,2026-01-27T16:40:29.170540Z,mapped
2025,Alfa Romeo,Giulia,Intensa,GAFM41/22F,2025 GIULIA INTENSA AWD,2025 giulia intensa awd,user,2026-01-27T16:34:12.227813Z,mapped
2025,Alfa Romeo,Giulia,,GAFL41/22L,2025 GIULIA RWD,2025 giulia rwd,user,2026-01-27T16:38:18.449897Z,mapped
2025,Alfa Romeo,Giulia,Intensa,GAFM41/22F,2025 GIULIA RWD,2025 giulia rwd,user,2026-01-27T16:38:18.449897Z,mapped
2025,Jeep,Gladiator,Big Bear,JTJL98/24B,2025 GLADIATOR BIG BEAR 4X4,2025 gladiator big bear 4x4,user,2026-01-28T17:58:01.124276Z,mapped
2025,Jeep,Gladiator,High Tide,JTJL98/24B,2025 GLADIATOR HIGH TIDE 4X4,2025 gladiator high tide 4x4,user,2026-01-28T17:20:12.254382Z,mapped
2025,Jeep,Gladiator,Mojave,JTJH98/24D,2025 GLADIATOR MOJAVE 4X4,2025 gladiator mojave 4x4,user,2026-01-28T17:20:56.288457Z,mapped
2025,Jeep,Gladiator,Mojave X,JTJH98/24D,2025 GLADIATOR MOJAVE X 4X4,2025 gladiator mojave x 4x4,user,2026-01-28T17:22:10.127380Z,mapped
2025,Jeep,Gladiator,Nighthawk,JTJL98/24B,2025 GLADIATOR NIGHTHAWK 4X4,2025 gladiator nighthawk 4x4,user,2026-01-28T17:19:20.218664Z,mapped
2025,Jeep,Gladiator,Rubicon,JTJS98/24R,2025 GLADIATOR RUBICON 4X4,2025 gladiator rubicon 4x4,user,2026-01-28T17:21:22.698456Z,mapped
2025,Jeep,Gladiator,Rubicon X,JTJS98/24R,2025 GLADIATOR RUBICON X 4X4,2025 gladiator rubicon x 4x4,user,2026-01-28T17:21:49.438238Z,mapped
2025,Jeep,Gladiator,Sport,JTJL98/24B,2025 GLADIATOR SPORT 4X4,2025 gladiator sport 4x4,user,2026-01-28T17:18:56.713083Z,mapped
2025,Jeep,Gladiator,Sport S,JTJL98/24B,2025 GLADIATOR SPORT S 4X4,2025 gladiator sport s 4x4,user,2026-01-28T17:19:42.473732Z,mapped
2025,Jeep,Gladiator,Willys,JTJL98/24B,2025 GLADIATOR WILLYS 4X4,2025 gladiator willys 4x4,user,2026-01-28T17:20:33.994395Z,mapped
2025,Jeep,Grand Cherokee,Altitude,WLTH74/23A,2025 GRAND CHEROKEE ALTITUDE 4X2,2025 grand cherokee altitude 4x2,user,2026-01-28T17:01:34.245074Z,mapped
2025,Jeep,Grand Cherokee,Altitude,WLJH74/23A,2025 GRAND CHEROKEE ALTITUDE 4X4,2025 grand cherokee altitude 4x4,user,2026-01-28T17:03:11.284981Z,mapped
2025,Jeep,Grand Cherokee,Altitude X,WLTH74/23A,2025 GRAND CHEROKEE ALTITUDE X 4X2,2025 grand cherokee altitude x 4x2,user,2026-01-28T17:06:26.065454Z,mapped
2025,Jeep,Grand Cherokee,Altitude X,WLJH74/23A,2025 GRAND CHEROKEE ALTITUDE X 4X4,2025 grand cherokee altitude x 4x4,user,2026-01-28T17:16:40.243740Z,mapped
2025,Jeep,Grand Cherokee L,Altitude,WLTH75/23A,2025 GRAND CHEROKEE L ALTITUDE 4X2,2025 grand cherokee l altitude 4x2,user,2026-01-28T17:02:39.954158Z,mapped
2025,Jeep,Grand Cherokee L,Altitude,WLJH75/23A,2025 GRAND CHEROKEE L ALTITUDE 4X4,2025 grand cherokee l altitude 4x4,user,2026-01-28T17:05:39.095131Z,mapped
2025,Jeep,Grand Cherokee L,Altitude X,WLTH75/23A,2025 GRAND CHEROKEE L ALTITUDE X 4X2,2025 grand cherokee l altitude x 4x2,user,2026-01-28T17:13:16.297009Z,mapped
2025,Jeep,Grand Cherokee L,Altitude X,WLJH75/23A,2025 GRAND CHEROKEE L ALTITUDE X 4X4,2025 grand cherokee l altitude x 4x4,user,2026-01-28T17:17:15.796749Z,mapped
2025,Jeep,Grand Cherokee L,Laredo,WLTH75/23A,2025 GRAND CHEROKEE L LAREDO 4X2,2025 grand cherokee l laredo 4x2,user,2026-01-27T15:32:16.671833Z,mapped
2025,Jeep,Grand Cherokee L,Laredo,WLJH75/23A,2025 GRAND CHEROKEE L LAREDO 4X4,2025 grand cherokee l laredo 4x4,user,2026-01-28T16:22:00.245754Z,mapped
2025,Jeep,Grand Cherokee L,Limited,WLTP75/22E,2025 GRAND CHEROKEE L LIMITED 4X2,2025 grand cherokee l limited 4x2,user,2026-01-28T16:40:37.501401Z,mapped
2025,Jeep,Grand Cherokee L,Limited,WLJP75/22E,2025 GRAND CHEROKEE L LIMITED 4X4,2025 grand cherokee l limited 4x4,user,2026-01-28T16:39:27.613423Z,mapped
2025,Jeep,Grand Cherokee L,Overland,WLJS75/23N,2025 GRAND CHEROKEE L OVERLAND 4X4,2025 grand cherokee l overland 4x4,user,2026-01-28T16:41:54.134397Z,mapped
2025,Jeep,Grand Cherokee L,Summit,WLJT75/23S,2025 GRAND CHEROKEE L SUMMIT 4X4,2025 grand cherokee l summit 4x4,user,2026-01-28T16:43:28.070075Z,mapped
2025,Jeep,Grand Cherokee L,Summit Reserve,WLJT75/23S,2025 GRAND CHEROKEE L SUMMIT 4X4,2025 grand cherokee l summit 4x4,user,2026-01-28T16:43:28.070075Z,mapped
2025,Jeep,Grand Cherokee L,Summit Reserve,WLJT75/23S,2025 GRAND CHEROKEE L SUMMIT RESERVE 4X4,2025 grand cherokee l summit reserve 4x4,user,2026-01-28T17:18:16.748033Z,mapped
2025,Jeep,Grand Cherokee,Laredo,WLTH74/23A,2025 GRAND CHEROKEE LAREDO 4X2,2025 grand cherokee laredo 4x2,user,2026-01-28T16:03:43.880396Z,mapped
2025,Jeep,Grand Cherokee,Laredo,WLJH74/23A,2025 GRAND CHEROKEE LAREDO 4X4,2025 grand cherokee laredo 4x4,user,2026-01-28T16:04:26.979558Z,mapped
2025,Jeep,Grand Cherokee,Laredo A,WLTH74/23A,2025 GRAND CHEROKEE LAREDO A 4X2,2025 grand cherokee laredo a 4x2,user,2026-01-28T16:59:48.712616Z,mapped
2025,Jeep,Grand Cherokee,Limited,WLTP74/22E,2025 GRAND CHEROKEE LIMITED 4X2,2025 grand cherokee limited 4x2,user,2026-01-28T16:37:36.646272Z,mapped
2025,Jeep,Grand Cherokee,Limited,WLJP74/22E,2025 GRAND CHEROKEE LIMITED 4X4,2025 grand cherokee limited 4x4,user,2026-01-28T16:29:07.193299Z,mapped
2025,Jeep,Grand Cherokee,Overland,WLJS74/23N,2025 GRAND CHEROKEE OVERLAND 4X4,2025 grand cherokee overland 4x4,user,2026-01-28T16:41:18.923541Z,mapped
2025,Jeep,Grand Cherokee,Summit,WLJT74/23S,2025 GRAND CHEROKEE SUMMIT 4X4,2025 grand cherokee summit 4x4,user,2026-01-28T16:42:41.403972Z,mapped
2025,Jeep,Grand Cherokee,Summit Reserve,WLJT74/23S,2025 GRAND CHEROKEE SUMMIT 4X4,2025 grand cherokee summit 4x4,user,2026-01-28T16:42:41.403972Z,mapped
2025,Jeep,Grand Cherokee,Summit Reserve,WLJT74/23S,2025 GRAND CHEROKEE SUMMIT RESERVE 4X4,2025 grand cherokee summit reserve 4x4,user,2026-01-28T17:17:55.031703Z,mapped
2025,Dodge,Hornet,GT,GGEH49/23N,2025 HORNET GT AWD,2025 hornet gt awd,user,2026-01-27T18:18:00.389393Z,mapped
2025,Dodge,Hornet,GT Plus,GGEH49/23N,2025 HORNET GT PLUS AWD,2025 hornet gt plus awd,user,2026-01-27T18:18:26.523336Z,mapped
2025,Dodge,Hornet,R/T,GG7P49/28E,2025 HORNET R/T EAWD,2025 hornet r t eawd,user,2026-01-27T18:19:27.747707Z,mapped
2025,Dodge,Hornet,R/T Plus,GG7P49/28E,2025 HORNET R/T PLUS EAWD,2025 hornet r t plus eawd,user,2026-01-27T18:19:53.283380Z,mapped
2025,Acura,ADX,,SA1H3SJNW,2025 ID.Buzz,2025 id.buzz,user,2026-01-27T15:13:40.761134Z,mapped
2025,Acura,MDX,,YD9H3SJNW,2025 ID.Buzz,2025 id.buzz,user,2026-01-27T15:13:40.761134Z,mapped
2025,Acura,RDX,,TC2H4SJNW,2025 ID.Buzz,2025 id.buzz,user,2026-01-27T15:13:40.761134Z,mapped
2025,Volkswagen,ID. Buzz,1st Edition,EBJT5S,2025 ID.Buzz,2025 id.buzz,user,2026-01-27T15:13:40.761134Z,mapped
2025,Volkswagen,ID. Buzz,Pro S,EBJR7S,2025 ID.Buzz,2025 id.buzz,user,2026-01-27T15:13:40.761134Z,mapped
2025,Volkswagen,ID. Buzz,Pro S Plus,EBJR5S,2025 ID.Buzz,2025 id.buzz,user,2026-01-27T15:13:40.761134Z,mapped
2025,Volkswagen,ID.4,Limited,E812LJ,2025 ID.Buzz,2025 id.buzz,user,2026-01-27T15:13:40.761134Z,mapped
2025,Volkswagen,ID.4,Pro,E813MN,2025 ID.Buzz,2025 id.buzz,user,2026-01-27T15:13:40.761134Z,mapped
2025,Volkswagen,ID.4,Pro S,E814MN,2025 ID.Buzz,2025 id.buzz,user,2026-01-27T15:13:40.761134Z,mapped
2025,Volkswagen,ID.4,Pro S Plus,E815SN,2025 ID.Buzz,2025 id.buzz,user,2026-01-27T15:13:40.761134Z,mapped
2025,Volkswagen,ID.4,S Limited,E813LJ,2025 ID.Buzz,2025 id.buzz,user,2026-01-27T15:13:40.761134Z,mapped
2025,Acura,Integra,,DE4H2SJW,2025 INTEGRA Exclude Type S,2025 integra exclude type s,user,2026-01-27T16:07:16.286941Z,mapped
2025,Acura,Integra,Type S,DE5G9SEW,2025 INTEGRA Type S,2025 integra type s,user,2026-01-27T16:08:51.626754Z,mapped
2025,Hyundai,IONIQ 5 N,,5N4A2AEZ/01,2025 IONIQ 5 N N,2025 ioniq 5 n n,user,2026-01-27T19:03:26.759279Z,mapped
2025,Hyundai,IONIQ 5,SE,50412REZ/01,2025 IONIQ 5 SE RWD,2025 ioniq 5 se rwd,user,2026-01-27T15:25:39.100368Z,mapped
2025,Lexus,IS,,,2025 IS 300 F SPORT,2025 is 300 f sport,user,2026-01-28T18:03:28.725777Z,no_data
2025,Lexus,IS,,,2025 IS 300 F SPORT DESIGN,2025 is 300 f sport design,user,2026-01-28T18:03:17.952291Z,no_data
2025,Lexus,IS 350,IS 350 F SPORT,9510,2025 IS 350 F SPORT,2025 is 350 f sport,user,2026-01-27T21:02:52.423384Z,mapped
2025,Lexus,IS 350,IS 350 F SPORT Design,9504/FM,2025 IS 350 F SPORT,2025 is 350 f sport,user,2026-01-27T21:03:02.841378Z,mapped
2025,Hyundai,Kona Electric,Limited,Q14G2FEZ/01,2025 KONA Electric LIMITED,2025 kona electric limited,user,2026-01-27T18:57:26.733442Z,mapped
2025,Hyundai,Kona Electric,N Line,Q14F2FEZ/01,2025 KONA Electric N LINE,2025 kona electric n line,user,2026-01-27T18:57:10.412914Z,mapped
2025,Hyundai,Kona Electric,SE,Q14A2FEZ/01,2025 KONA Electric SE,2025 kona electric se,user,2026-01-27T18:56:22.934323Z,mapped
2025,Mazda,CX-30,2.5 Carbon Turbo,C30 CE TXA,2025 MAZDA CX-30,2025 mazda cx 30,user,2026-01-27T15:19:38.317231Z,mapped
2025,Mazda,CX-30,2.5 S,C30 25S XA,2025 MAZDA CX-30,2025 mazda cx 30,user,2026-01-27T15:19:38.317231Z,mapped
2025,Mazda,CX-30,2.5 S Carbon Edition,C30 CE XA,2025 MAZDA CX-30,2025 mazda cx 30,user,2026-01-27T15:19:38.317231Z,mapped
2025,Mazda,CX-30,2.5 S Preferred Package,C30 PF XA,2025 MAZDA CX-30,2025 mazda cx 30,user,2026-01-27T15:19:38.317231Z,mapped
2025,Mazda,CX-30,2.5 S Premium Package,C30 PR XA,2025 MAZDA CX-30,2025 mazda cx 30,user,2026-01-27T15:19:38.317231Z,mapped
2025,Mazda,CX-30,2.5 S Select Sport,C30 SES XA,2025 MAZDA CX-30,2025 mazda cx 30,user,2026-01-27T15:19:38.317231Z,mapped
2025,Mazda,CX-30,2.5 Turbo Premium Package,C30 PR TXA,2025 MAZDA CX-30,2025 mazda cx 30,user,2026-01-27T15:19:38.317231Z,mapped
2025,Mazda,CX-30,2.5 Turbo Premium Plus Package,C30 PP TXA,2025 MAZDA CX-30,2025 mazda cx 30,user,2026-01-27T15:19:38.317231Z,mapped
2025,Mazda,CX-5,2.5 S,CX5 25S XA,2025 MAZDA CX-5 2.5 S,2025 mazda cx 5 2.5 s,user,2026-01-27T15:20:23.739543Z,mapped
2025,Mazda,CX-5,2.5 S Carbon Edition,CX5 CE XA,2025 MAZDA CX-5 2.5 S CARBON EDITION,2025 mazda cx 5 2.5 s carbon edition,user,2026-01-27T15:21:41.679682Z,mapped
2025,Mazda,CX-5,2.5 S Preferred Package,CX5 PF XA,2025 MAZDA CX-5 2.5 S PREFERRED,2025 mazda cx 5 2.5 s preferred,user,2026-01-27T15:21:21.001066Z,mapped
2025,Mazda,CX-5,2.5 S Select Package,CX5 SE XA,2025 MAZDA CX-5 2.5 S SELECT,2025 mazda cx 5 2.5 s select,user,2026-01-27T15:20:58.586853Z,mapped
2025,Acura,MDX,,YD9H3SJNW,2025 MDX Exclude Type S,2025 mdx exclude type s,user,2026-01-27T16:22:38.949482Z,mapped
2025,Acura,MDX,Type S w/Advance Package,YD8H8SKNW,2025 MDX Type S Only,2025 mdx type s only,user,2026-01-27T16:24:39.023827Z,mapped
2025,MAZDA,MX-5 miata st,,,2025 MX-5 Sport (RWD / Manual Transmission),2025 mx 5 sport (rwd manual transmission),user,2026-01-27T15:18:30.324345Z,no_data
2025,Kia,Niro,EX,G4242,2025 Niro EX FWD,2025 niro ex fwd,user,2026-01-27T19:55:16.302400Z,mapped
2025,Kia,Niro,LX,G4222,2025 Niro LX FWD,2025 niro lx fwd,user,2026-01-27T19:55:06.134279Z,mapped
2025,Mitsubishi,Outlander,ES,OT45-A/E5A,2025 Outlander,2025 outlander,user,2026-01-28T13:55:08.967528Z,mapped
2025,Mitsubishi,Outlander,Platinum Edition,OT45-Z/R52,2025 Outlander,2025 outlander,user,2026-01-28T13:55:08.967528Z,mapped
2025,Mitsubishi,Outlander,SE,OT45-I/E5B,2025 Outlander,2025 outlander,user,2026-01-28T13:55:08.967528Z,mapped
2025,Mitsubishi,Outlander,SEL,OT45-M/E5D,2025 Outlander,2025 outlander,user,2026-01-28T13:55:08.967528Z,mapped
2025,Mitsubishi,Outlander,Trail Edition,OT45-T/R51,2025 Outlander,2025 outlander,user,2026-01-28T13:55:08.967528Z,mapped
2025,Mitsubishi,Outlander PHEV,,,2025 Outlander PHEV,2025 outlander phev,user,2026-01-28T13:54:59.838109Z,no_data
2025,Mitsubishi,Outlander PHEV,,,2025 Outlander PHEV (SEL Black Edition/Platinum Edition),2025 outlander phev (sel black edition platinum edition),user,2026-01-28T13:56:18.284647Z,no_data
2025,Mitsubishi,Outlander PHEV,,,2025 Outlander PHEV SE S-AWC,2025 outlander phev se s awc,user,2026-01-28T13:53:22.900478Z,no_data
2025,Mitsubishi,Outlander,Platinum Edition,OT45-Z/R52,2025 Outlander Platinum Edition,2025 outlander platinum edition,user,2026-01-28T13:56:29.319712Z,mapped
2025,Mitsubishi,Outlander Sport,ES,OS45-B/A51,2025 Outlander Sport,2025 outlander sport,user,2026-01-28T13:55:54.261667Z,mapped
2025,Mitsubishi,Outlander Sport,LE,OS45-F/A52,2025 Outlander Sport,2025 outlander sport,user,2026-01-28T13:55:54.261667Z,mapped
2025,Mitsubishi,Outlander Sport,S,OS45-Y/A55,2025 Outlander Sport,2025 outlander sport,user,2026-01-28T13:55:54.261667Z,mapped
2025,Mitsubishi,Outlander Sport,SE,OS45-J/A53,2025 Outlander Sport,2025 outlander sport,user,2026-01-28T13:55:54.261667Z,mapped
2025,Mitsubishi,Outlander Sport,SEL,OS45-N/A54,2025 Outlander Sport,2025 outlander sport,user,2026-01-28T13:55:54.261667Z,mapped
2025,Mitsubishi,Outlander Sport,Trail Edition,OS45-H/R57,2025 Outlander Sport,2025 outlander sport,user,2026-01-28T13:55:54.261667Z,mapped
2025,Hyundai,Palisade,Calligraphy,J1472A65/01,2025 PALISADE CALLIGRAPHY AWD,2025 palisade calligraphy awd,user,2026-01-27T19:12:05.992768Z,mapped
2025,Hyundai,Palisade,Calligraphy,J1472F65/01,2025 PALISADE CALLIGRAPHY FWD,2025 palisade calligraphy fwd,user,2026-01-27T19:11:56.225835Z,mapped
2025,Hyundai,Palisade,Calligraphy Night Edition,J1492A65/01,2025 PALISADE CALLIGRAPHY NIGHT,2025 palisade calligraphy night,user,2026-01-27T19:12:14.905612Z,mapped
2025,Hyundai,Palisade,Limited,J1462A65/01,2025 PALISADE LIMITED AWD,2025 palisade limited awd,user,2026-01-27T19:11:43.782218Z,mapped
2025,Hyundai,Palisade,Limited,J1462F65/01,2025 PALISADE LIMITED FWD,2025 palisade limited fwd,user,2026-01-27T19:11:31.106662Z,mapped
2025,Hyundai,Palisade,SE,J1412A65/01,2025 PALISADE SE AWD,2025 palisade se awd,user,2026-01-27T19:10:05.555050Z,mapped
2025,Hyundai,Palisade,SE,J1412F65/01,2025 PALISADE SE FWD,2025 palisade se fwd,user,2026-01-27T19:09:53.287447Z,mapped
2025,Hyundai,Palisade,SEL,J1442A65/01,2025 PALISADE SEL AWD,2025 palisade sel awd,user,2026-01-27T19:10:32.370990Z,mapped
2025,Hyundai,Palisade,SEL,J1442F65/01,2025 PALISADE SEL FWD,2025 palisade sel fwd,user,2026-01-27T19:10:16.071885Z,mapped
2025,Hyundai,Palisade,SEL Premium,J1432A65/01,2025 PALISADE SEL PREMIUM AWD,2025 palisade sel premium awd,user,2026-01-27T19:11:21.210778Z,mapped
2025,Hyundai,Palisade,SEL Premium,J1432F65/01,2025 PALISADE SEL PREMIUM FWD,2025 palisade sel premium fwd,user,2026-01-27T19:11:11.495151Z,mapped
2025,Hyundai,Palisade,XRT,J1482A65/01,2025 PALISADE XRT AWD,2025 palisade xrt awd,user,2026-01-27T19:10:56.383231Z,mapped
2025,Hyundai,Palisade,XRT,J1482F65/01,2025 PALISADE XRT FWD,2025 palisade xrt fwd,user,2026-01-27T19:10:45.166662Z,mapped
2025,Honda,Pilot,Black Edition,YG1H9SKNW,2025 Pilot,2025 pilot,user,2026-01-28T15:00:29.682852Z,mapped
2025,Honda,Pilot,EX-L,YG1H4SENW,2025 Pilot,2025 pilot,user,2026-01-28T15:00:29.682852Z,mapped
2025,Honda,Pilot,EX-L+,YG1H4SEXW,2025 Pilot,2025 pilot,user,2026-01-28T15:00:29.682852Z,mapped
2025,Honda,Pilot,Elite,YG1H8SKNW,2025 Pilot,2025 pilot,user,2026-01-28T15:00:29.682852Z,mapped
2025,Honda,Pilot,Sport,YG1H3SEW,2025 Pilot,2025 pilot,user,2026-01-28T15:00:29.682852Z,mapped
2025,Honda,Pilot,Touring,YG1H7SKNW,2025 Pilot,2025 pilot,user,2026-01-28T15:00:29.682852Z,mapped
2025,Honda,Pilot,Touring+,YG1H7SKXW,2025 Pilot,2025 pilot,user,2026-01-28T15:00:29.682852Z,mapped
2025,Honda,Pilot,TrailSport,YG1H6SJW,2025 Pilot,2025 pilot,user,2026-01-28T15:00:29.682852Z,mapped
2025,Honda,Pilot,EX-L,YG1H4SENW,2025 Pilot 2WD EX-L 10 Speed Automatic,2025 pilot 2wd ex l 10 speed automatic,user,2026-01-28T14:44:37.215979Z,mapped
2025,Honda,Pilot,EX-L+,YG1H4SEXW,2025 Pilot AWD EX-L 10 Speed Automatic,2025 pilot awd ex l 10 speed automatic,user,2026-01-28T14:43:26.991708Z,mapped
2025,Honda,Prologue,EX,3B3H2SEXW,2025 Prologue,2025 prologue,user,2026-01-28T15:03:23.244801Z,mapped
2025,Honda,Prologue,Elite,3B4H8SJW,2025 Prologue,2025 prologue,user,2026-01-28T15:03:23.244801Z,mapped
2025,Honda,Prologue,Touring,3B3H6SJXW,2025 Prologue,2025 prologue,user,2026-01-28T15:03:23.244801Z,mapped
2025,INFINITI,QX50,LUXE,81115,2025 QX50,2025 qx50,user,2026-01-28T15:21:58.017367Z,mapped
2025,INFINITI,QX50,PURE,81015,2025 QX50,2025 qx50,user,2026-01-28T15:21:58.017367Z,mapped
2025,INFINITI,QX50,SPORT,81215,2025 QX50,2025 qx50,user,2026-01-28T15:21:58.017367Z,mapped
2025,INFINITI,QX55,ESSENTIAL,82115,2025 QX55,2025 qx55,user,2026-01-28T15:23:03.636377Z,mapped
2025,INFINITI,QX55,LUXE,82015,2025 QX55,2025 qx55,user,2026-01-28T15:23:03.636377Z,mapped
2025,INFINITI,QX55,SENSORY,82215,2025 QX55,2025 qx55,user,2026-01-28T15:23:03.636377Z,mapped
2025,RAM,1500,Big Horn,DT1H41/23Z,"2025 RAM 1500 BIG HORN CREW CAB 4X4 5'7"" BOX","2025 ram 1500 big horn crew cab 4x4 5'7"" box",user,2026-01-27T15:35:29.909560Z,mapped
2025,RAM,1500,Tradesman,DT6L41/23A,"2025 RAM 1500 BIG HORN CREW CAB 4X4 5'7"" BOX","2025 ram 1500 big horn crew cab 4x4 5'7"" box",user,2026-01-28T16:07:39.396098Z,mapped
2025,RAM,1500,Big Horn,DT1H41/23Z,"2025 RAM 1500 LARAMIE CREW CAB 4X4 5'7"" BOX","2025 ram 1500 laramie crew cab 4x4 5'7"" box",user,2026-01-27T15:35:59.102320Z,mapped
2025,RAM,1500,Limited,DT6M91/22M,"2025 RAM 1500 LIMITED CREW CAB 4X4 5'7"" BOX","2025 ram 1500 limited crew cab 4x4 5'7"" box",user,2026-01-27T15:38:36.246510Z,mapped
2025,RAM,1500,Longhorn,DT6M98/22M,"2025 RAM 1500 LIMITED LONGHORN CREW CAB 4X4 5'7"" BOX","2025 ram 1500 limited longhorn crew cab 4x4 5'7"" box",user,2026-01-28T14:09:18.801180Z,mapped
2025,RAM,1500,Rebel,DT6X98/21W,"2025 RAM 1500 REBEL CREW CAB 4X4 5'7"" BOX","2025 ram 1500 rebel crew cab 4x4 5'7"" box",user,2026-01-27T15:36:40.741855Z,mapped
2025,RAM,1500,RHO,DT6S98/22Y,"2025 RAM 1500 RHO CREW CAB 4X4 5'7"" BOX","2025 ram 1500 rho crew cab 4x4 5'7"" box",user,2026-01-27T15:37:20.595406Z,mapped
2025,RAM,1500,Tradesman,DT1L41/23A,"2025 RAM 1500 TRADESMAN CREW CAB 4X4 5'7"" BOX","2025 ram 1500 tradesman crew cab 4x4 5'7"" box",user,2026-01-27T15:35:18.494960Z,mapped
2025,RAM,1500,Longhorn,DT6M98/22M,"2025 RAM 1500 TUNGSTEN CREW CAB 4X4 5'7"" BOX","2025 ram 1500 tungsten crew cab 4x4 5'7"" box",user,2026-01-28T14:09:27.367545Z,mapped
2025,RAM,1500,Tungsten,DT6R98/22V,"2025 RAM 1500 TUNGSTEN CREW CAB 4X4 5'7"" BOX","2025 ram 1500 tungsten crew cab 4x4 5'7"" box",user,2026-01-28T14:09:27.367545Z,mapped
2025,Land Rover,Range Rover,Autobiography,AG460/460EH,2025 Range Rover I6/PHEV models,2025 range rover i6 phev models,user,2026-01-27T16:23:33.369668Z,mapped
2025,Land Rover,Range Rover,SE,AG460/460EF,2025 Range Rover I6/PHEV models,2025 range rover i6 phev models,user,2026-01-27T16:23:33.369668Z,mapped
2025,Land Rover,Range Rover Sport,Autobiography,AP461/351ZW,2025 Range Rover Sport models (excluding P360 S),2025 range rover sport models (excluding p360 s),user,2026-01-27T16:26:46.123852Z,mapped
2025,Land Rover,Range Rover Sport,Dynamic SE,AC461/350XT,2025 Range Rover Sport models (excluding P360 S),2025 range rover sport models (excluding p360 s),user,2026-01-27T16:26:46.123852Z,mapped
2025,Land Rover,Range Rover Sport,SE,AC461/350VY,2025 Range Rover Sport models (excluding P360 S),2025 range rover sport models (excluding p360 s),user,2026-01-27T16:26:46.123852Z,mapped
2025,Land Rover,Range Rover Sport,SV Edition Two,AW461/354CH,2025 Range Rover Sport models (excluding P360 S),2025 range rover sport models (excluding p360 s),user,2026-01-27T16:26:46.123852Z,mapped
2025,Land Rover,Range Rover Sport,SE,AC461/350VY,2025 Range Rover Sport P360 SE,2025 range rover sport p360 se,user,2026-01-27T16:12:33.040779Z,mapped
2025,Land Rover,Range Rover,Autobiography,AB460/460BB,2025 Range Rover V8 models,2025 range rover v8 models,user,2026-01-27T16:25:30.837039Z,mapped
2025,Land Rover,Range Rover,SE,AB460/460AZ,2025 Range Rover V8 models,2025 range rover v8 models,user,2026-01-27T16:25:30.837039Z,mapped
2025,Land Rover,Range Rover,SV,AB460/460EP,2025 Range Rover V8 models,2025 range rover v8 models,user,2026-01-27T16:25:30.837039Z,mapped
2025,Honda,Ridgeline,Black Edition,YK3F8SKNW,2025 Ridgeline,2025 ridgeline,user,2026-01-28T15:03:58.511704Z,mapped
2025,Honda,Ridgeline,RTL,YK3F5SJNW,2025 Ridgeline,2025 ridgeline,user,2026-01-28T15:03:58.511704Z,mapped
2025,Honda,Ridgeline,RTL+,YK3F4SJNW,2025 Ridgeline,2025 ridgeline,user,2026-01-28T15:03:58.511704Z,mapped
2025,Honda,Ridgeline,Sport,YK3F1SEW,2025 Ridgeline,2025 ridgeline,user,2026-01-28T15:03:58.511704Z,mapped
2025,Honda,Ridgeline,Sport+,YK3F2SEW,2025 Ridgeline,2025 ridgeline,user,2026-01-28T15:03:58.511704Z,mapped
2025,Honda,Ridgeline,TrailSport,YK3F6SKNW,2025 Ridgeline,2025 ridgeline,user,2026-01-28T15:03:58.511704Z,mapped
2025,Honda,Ridgeline,TrailSport+,YK3F7SKNW,2025 Ridgeline,2025 ridgeline,user,2026-01-28T15:03:58.511704Z,mapped
2025,Hyundai,Sonata Hybrid,Limited,294G2FBS/01,2025 SONATA LIMITED HYBRID,2025 sonata limited hybrid,user,2026-01-27T19:15:26.623404Z,mapped
2025,Hyundai,Sonata,N Line,29472FT5/01,2025 SONATA N LINE,2025 sonata n line,user,2026-01-27T19:13:26.210138Z,mapped
2025,Hyundai,Sonata,SE,29412F4S/01,2025 SONATA SE,2025 sonata se,user,2026-01-27T19:17:27.281116Z,mapped
2025,Hyundai,Sonata,SEL,29442A4S/01,2025 SONATA SEL AWD,2025 sonata sel awd,user,2026-01-27T19:13:48.147229Z,mapped
2025,Hyundai,Sonata,SEL Convenience,29452F4S/01,2025 SONATA SEL CONVENIENCE,2025 sonata sel convenience,user,2026-01-27T19:13:35.645832Z,mapped
2025,Hyundai,Sonata,SEL,29442F4S/01,2025 SONATA SEL FWD,2025 sonata sel fwd,user,2026-01-27T19:14:01.742189Z,mapped
2025,Kia,Sorento,LX,73222,2025 Sorento LX FWD,2025 sorento lx fwd,user,2026-01-27T19:55:44.835094Z,mapped
2025,Kia,Sorento,S,73432,2025 Sorento S AWD,2025 sorento s awd,user,2026-01-27T19:56:10.636152Z,mapped
2025,Kia,Sorento,S,73232,2025 Sorento S FWD,2025 sorento s fwd,user,2026-01-27T19:55:55.020636Z,mapped
2025,Alfa Romeo,Stelvio,,GUGL74/22M,2025 STELVIO AWD,2025 stelvio awd,user,2026-01-27T16:34:36.476323Z,mapped
2025,Alfa Romeo,Stelvio,Special Edition,GUGT74/22Y,2025 STELVIO AWD,2025 stelvio awd,user,2026-01-27T16:34:36.476323Z,mapped
2025,Alfa Romeo,Stelvio,Intensa,GUGM74/22F,2025 STELVIO INTENSA AWD,2025 stelvio intensa awd,user,2026-01-27T16:35:05.275984Z,mapped
2025,Alfa Romeo,Stelvio,Special Edition,GUGT74/22Y,2025 STELVIO TRIBUTO ITALIANO AWD,2025 stelvio tributo italiano awd,user,2026-01-27T16:42:16.486400Z,mapped
2025,Kia,Telluride,S,J4432,2025 Telluride S AWD,2025 telluride s awd,user,2026-01-27T19:57:06.493556Z,mapped
2025,Kia,Telluride,S,J4232,2025 Telluride S FWD,2025 telluride s fwd,user,2026-01-27T19:56:53.370277Z,mapped
2025,Acura,TLX,Type S,UB7F0SGW,2025 TLX,2025 tlx,user,2026-01-27T16:04:06.740821Z,mapped
2025,Acura,TLX,w/Technology Package,UB5F4SGNW,2025 TLX TECH 10 Speed Automatic,2025 tlx tech 10 speed automatic,user,2026-01-27T15:06:22.353088Z,mapped
2025,Acura,ADX,,SA1H3SJNW,2025 TLX TECH 12025 ADX FWD Continuously Variable Transmission0 Speed Automatic,2025 tlx tech 12025 adx fwd continuously variable transmission0 speed automatic,user,2026-01-27T15:32:26.784123Z,mapped
2025,Acura,TLX,Type S,UB7F0SGW,2025 TLX Type S,2025 tlx type s,user,2026-01-27T16:29:11.688901Z,mapped
2025,Alfa Romeo,Tonale,,GC9L74/28B,2025 TONALE AWD,2025 tonale awd,user,2026-01-27T16:35:31.581643Z,mapped
2025,Alfa Romeo,Tonale,Intensa,GCGL74/23M,2025 TONALE AWD,2025 tonale awd,user,2026-01-27T16:35:31.581643Z,mapped
2025,Alfa Romeo,Tonale,Special Edition Intensa,GC9S74/28Y,2025 TONALE AWD,2025 tonale awd,user,2026-01-27T16:35:31.581643Z,mapped
2025,Alfa Romeo,Tonale,Special Edition Tributo Italiano,GC9S74/28Y,2025 TONALE AWD,2025 tonale awd,user,2026-01-27T16:35:31.581643Z,mapped
2025,Alfa Romeo,Tonale,,GC9L74/28B,2025 TONALE HYBRID EAWD,2025 tonale hybrid eawd,user,2026-01-27T16:44:32.122350Z,mapped
2025,Alfa Romeo,Tonale,Intensa,GCGL74/23M,2025 TONALE INTENSA AWD,2025 tonale intensa awd,user,2026-01-27T16:42:59.357503Z,mapped
2025,Alfa Romeo,Tonale,Special Edition Tributo Italiano,GC9S74/28Y,2025 TONALE TRIBUTO ITALIANO EAWD,2025 tonale tributo italiano eawd,user,2026-01-27T16:45:54.114654Z,mapped
2025,Hyundai,Tucson Plug-In Hybrid,Limited,854K2APT/01,2025 TUCSON Plug-in Hybrid LIMITED,2025 tucson plug in hybrid limited,user,2026-01-27T18:59:16.592000Z,mapped
2025,Hyundai,Tucson Plug-In Hybrid,SEL,854J2APT/01,2025 TUCSON Plug-in Hybrid SEL,2025 tucson plug in hybrid sel,user,2026-01-27T18:58:59.464135Z,mapped
2025,Jeep,Wagoneer,,WSTM75/25E,2025 WAGONEER 4X2,2025 wagoneer 4x2,user,2026-01-28T17:29:45.646348Z,mapped
2025,Jeep,Wagoneer L,,WSJM76/25E,2025 WAGONEER 4X4,2025 wagoneer 4x4,user,2026-01-28T17:33:47.439365Z,mapped
2025,Jeep,Wagoneer,Series II Carbide,WSTH75/25J,2025 WAGONEER CARBIDE 4X2,2025 wagoneer carbide 4x2,user,2026-01-28T17:39:16.728643Z,mapped
2025,Jeep,Wagoneer,Series II Carbide,WSJH75/25J,2025 WAGONEER CARBIDE 4X4,2025 wagoneer carbide 4x4,user,2026-01-28T17:39:44.101948Z,mapped
2025,Jeep,Wagoneer,Series II Limited,WSJH75/25J,2025 WAGONEER LIMITED 4X4,2025 wagoneer limited 4x4,user,2026-01-28T17:41:17.419641Z,mapped
2025,Jeep,Wagoneer,Series II Overland,WSJH75/25J,2025 WAGONEER OVERLAND 4X4,2025 wagoneer overland 4x4,user,2026-01-28T17:40:09.250628Z,mapped
2025,Jeep,Wagoneer,Series II Limited,WSJH75/25J,2025 WAGONEER S LIMITED,2025 wagoneer s limited,user,2026-01-28T17:43:39.692309Z,mapped
2025,Jeep,Wagoneer,Series II,WSTH75/25J,2025 WAGONEER SERIES II 4X2,2025 wagoneer series ii 4x2,user,2026-01-28T17:37:51.274265Z,mapped
2025,Jeep,Wagoneer,Series II,WSJH75/25J,2025 WAGONEER SERIES II 4X4,2025 wagoneer series ii 4x4,user,2026-01-28T17:38:38.882324Z,mapped
2025,Jeep,Wagoneer,Series III,WSJP75/25N,2025 WAGONEER SERIES III 4X4,2025 wagoneer series iii 4x4,user,2026-01-28T17:40:51.093049Z,mapped
2025,Jeep,Wagoneer,Series III Super,WSJP75/25N,2025 WAGONEER SUPER 4X4,2025 wagoneer super 4x4,user,2026-01-28T17:42:06.372038Z,mapped
2025,Jeep,Wrangler,Rubicon,JLJS72/22R,2025 WRANGLER 2-DOOR RUBICON,2025 wrangler 2 door rubicon,user,2026-01-28T15:52:02.645213Z,mapped
2025,Jeep,Wrangler,Rubicon X,JLJS72/22R,2025 WRANGLER 2-DOOR RUBICON X,2025 wrangler 2 door rubicon x,user,2026-01-28T16:46:24.867920Z,mapped
2025,Jeep,Wrangler,Sport,JLJL72/22B,2025 WRANGLER 2-DOOR SPORT,2025 wrangler 2 door sport,user,2026-01-28T15:42:50.412563Z,mapped
2025,Jeep,Wrangler,Willys,JLJL72/22B,2025 WRANGLER 2-DOOR WILLYS,2025 wrangler 2 door willys,user,2026-01-28T16:45:15.109829Z,mapped
2025,Jeep,Wrangler,Rubicon,JLJS74/23R,2025 WRANGLER 4-DOOR RUBICON,2025 wrangler 4 door rubicon,user,2026-01-28T15:49:20.718824Z,mapped
2025,Jeep,Wrangler,Rubicon 392 Final Edition,JLJX74/27J,2025 WRANGLER 4-DOOR RUBICON 392,2025 wrangler 4 door rubicon 392,user,2026-01-28T16:54:03.364450Z,mapped
2025,Jeep,Wrangler,Rubicon X,JLJS74/23R,2025 WRANGLER 4-DOOR RUBICON X,2025 wrangler 4 door rubicon x,user,2026-01-28T16:47:06.525832Z,mapped
2025,Jeep,Wrangler,Sahara,JLJP74/22G,2025 WRANGLER 4-DOOR SAHARA,2025 wrangler 4 door sahara,user,2026-01-28T15:43:55.859844Z,mapped
2025,Jeep,Wrangler,Sport,JLJL74/23B,2025 WRANGLER 4-DOOR SPORT,2025 wrangler 4 door sport,user,2026-01-28T15:40:22.219255Z,mapped
2025,Jeep,Wrangler,Willys,JLJL74/23B,2025 WRANGLER 4-DOOR WILLYS,2025 wrangler 4 door willys,user,2026-01-28T16:45:46.894016Z,mapped
2026,AUDI,A3,,,2026 Audi A3 Sedan 40 TFSI quattro,2026 audi a3 sedan 40 tfsi quattro,user,2026-01-27T17:40:28.519111Z,no_data
2026,Audi,A6,Premium,FN2A5Y,2026 Audi A6 Sedan quattro,2026 audi a6 sedan quattro,user,2026-01-27T17:27:33.535220Z,mapped
2026,Audi,A6,Premium Plus,FN2A5Y,2026 Audi A6 Sedan quattro,2026 audi a6 sedan quattro,user,2026-01-27T17:27:33.535220Z,mapped
2026,Audi,A6,Prestige,FN2A5Y,2026 Audi A6 Sedan quattro,2026 audi a6 sedan quattro,user,2026-01-27T17:27:33.535220Z,mapped
2026,Audi,A6,Premium Plus,FN2A5Y,2026 Audi A6 Sedan quattro Premium Plus,2026 audi a6 sedan quattro premium plus,user,2026-01-27T17:06:31.201332Z,mapped
2026,Audi,A6,Prestige,FN2A5Y,2026 Audi A6 Sedan quattro Prestige,2026 audi a6 sedan quattro prestige,user,2026-01-27T17:03:49.710672Z,mapped
2026,AUDI,Q7,,,2026 Audi Q7 45 TFSI quattro,2026 audi q7 45 tfsi quattro,user,2026-01-27T17:36:17.727451Z,no_data
2026,AUDI,Q7,,,2026 Audi Q7 45 TFSI quattro Premium,2026 audi q7 45 tfsi quattro premium,user,2026-01-27T17:00:53.603171Z,no_data
2026,AUDI,Q7,,,2026 Audi Q7 55 TFSI quattro,2026 audi q7 55 tfsi quattro,user,2026-01-27T17:35:56.884317Z,no_data
2026,AUDI,Q7,,,2026 Audi Q7 55 TFSI quattro Premium Plus,2026 audi q7 55 tfsi quattro premium plus,user,2026-01-27T17:01:18.726282Z,no_data
2026,AUDI,Q8,,,2026 Audi Q8 55 TFSI quattro,2026 audi q8 55 tfsi quattro,user,2026-01-27T17:39:57.531585Z,no_data
2026,AUDI,Q8,,,2026 Audi Q8 55 TFSI quattro Premium Plus,2026 audi q8 55 tfsi quattro premium plus,user,2026-01-27T17:01:49.679175Z,no_data
2026,AUDI,SQ7,,,2026 Audi SQ7 quattro,2026 audi sq7 quattro,user,2026-01-27T17:38:17.037149Z,no_data
2026,BMW,228,Coupe,,2026 BMW 228,2026 bmw 228,user,2026-01-28T21:18:05.617883Z,no_data
2026,BMW,228,Coupe,,2026 BMW 228 xDrive,2026 bmw 228 xdrive,user,2026-01-28T21:18:15.786134Z,no_data
2026,BMW,228i,,,2026 BMW 228 xDrive,2026 bmw 228 xdrive,user,2026-01-28T16:04:50.261256Z,no_data
2026,BMW,230,230i,262B,2026 BMW 230i i,2026 bmw 230i i,user,2026-01-28T21:19:12.182958Z,mapped
2026,BMW,230,230i xDrive,262J,2026 BMW 230i i xDrive,2026 bmw 230i i xdrive,user,2026-01-28T21:19:24.448799Z,mapped
2026,BMW,330,330i,263O,2026 BMW 330i i,2026 bmw 330i i,user,2026-01-28T21:20:34.409676Z,mapped
2026,BMW,330,330i NA xDrive,263X,2026 BMW 330i i xDrive,2026 bmw 330i i xdrive,user,2026-01-28T21:20:48.236811Z,mapped
2026,BMW,430,430i,264B,2026 BMW 430i i,2026 bmw 430i i,user,2026-01-28T21:22:18.517068Z,mapped
2026,BMW,430,430i xDrive,264D,2026 BMW 430i i xDrive,2026 bmw 430i i xdrive,user,2026-01-28T21:22:38.626956Z,mapped
2026,BMW,i4,eDrive40,26DA,2026 BMW i4,2026 bmw i4,user,2026-01-28T21:21:37.258549Z,mapped
2026,BMW,i4,M60,26DB,2026 BMW i4 M,2026 bmw i4 m,user,2026-01-28T21:23:14.164782Z,mapped
2026,BMW,i4,xDrive40,26DF,2026 BMW i4 xDrive,2026 bmw i4 xdrive,user,2026-01-28T21:21:49.980747Z,mapped
2026,BMW,M240,M240i,262C,2026 BMW M240i i,2026 bmw m240i i,user,2026-01-28T21:20:04.828142Z,mapped
2026,BMW,M240,M240i xDrive,262K,2026 BMW M240i i xDrive,2026 bmw m240i i xdrive,user,2026-01-28T21:20:17.309092Z,mapped
2026,BMW,M340,M340i,263Q,2026 BMW M340i i,2026 bmw m340i i,user,2026-01-28T21:21:06.603414Z,mapped
2026,BMW,M340,M340i NA xDrive,263A,2026 BMW M340i i xDrive,2026 bmw m340i i xdrive,user,2026-01-28T21:21:17.195792Z,mapped
2026,Subaru,BRZ,Limited,,2026 BRZ Limited,2026 brz limited,user,2026-01-27T15:17:18.226409Z,no_data
2026,Cadillac,LYRIQ,Luxury,6MB26/1SC,2026 CADILLAC LYRIQ AWD Luxury w/AWD,2026 cadillac lyriq awd luxury w awd,user,2026-01-26T16:46:38.184243Z,mapped
2026,Cadillac,OPTIQ,Luxury,6MP26/1SC,2026 CADILLAC OPTIQ RWD Luxury,2026 cadillac optiq rwd luxury,user,2026-01-26T17:17:37.405810Z,mapped
2026,Cadillac,VISTIQ,Luxury,6MB56/1SC,2026 CADILLAC VISTIQ,2026 cadillac vistiq,user,2026-01-26T16:41:50.123912Z,mapped
2026,Cadillac,VISTIQ,Premium Luxury,6MB56/1SE,2026 CADILLAC VISTIQ,2026 cadillac vistiq,user,2026-01-26T16:41:50.123912Z,mapped
2026,Cadillac,VISTIQ,Sport,6MC56/1SF,2026 CADILLAC VISTIQ,2026 cadillac vistiq,user,2026-01-26T16:41:50.123912Z,mapped
2026,Cadillac,VISTIQ,Luxury,6MB56/1SC,2026 CADILLAC VISTIQ AWD Luxury,2026 cadillac vistiq awd luxury,user,2026-01-26T16:45:26.157028Z,mapped
2026,Honda,Civic Hatchback,,,2026 Civic Hatchback,2026 civic hatchback,user,2026-01-28T15:02:24.282244Z,no_data
2026,Honda,Civic Hatchback,,,2026 Civic Hatchback FWD Sport Continuously Variable Transmission,2026 civic hatchback fwd sport continuously variable transmission,user,2026-01-28T14:34:45.256230Z,no_data
2026,Honda,Civic Hatchback Hybrid,,,2026 Civic Hatchback FWD Touring Hybrid Continuously Variable Transmission,2026 civic hatchback fwd touring hybrid continuously variable transmission,user,2026-01-28T14:35:06.216426Z,no_data
2026,Honda,Civic Hatchback Hybrid,,,2026 Civic Hatchback Hybrid,2026 civic hatchback hybrid,user,2026-01-28T15:02:58.401337Z,no_data
2026,Honda,Civic Hatchback Hybrid,,,2026 Civic Hatchback Hybrid Sport,2026 civic hatchback hybrid sport,user,2026-01-28T14:35:48.518210Z,no_data
2026,Honda,Civic Sedan,,,2026 Civic Sedan,2026 civic sedan,user,2026-01-28T15:02:06.336815Z,no_data
2026,Honda,Civic Sedan,,,2026 Civic Sedan 2WD LX Continuously Variable Transmission,2026 civic sedan 2wd lx continuously variable transmission,user,2026-01-28T14:33:31.575193Z,no_data
2026,Honda,Civic Sedan Hybrid,,,2026 Civic Sedan 2WD Sport Hybrid Continuously Variable Transmission,2026 civic sedan 2wd sport hybrid continuously variable transmission,user,2026-01-28T14:34:32.144436Z,no_data
2026,Honda,Civic Sedan Hybrid,,,2026 Civic Sedan Hybrid,2026 civic sedan hybrid,user,2026-01-28T15:02:42.358803Z,no_data
2026,Honda,Civic Sedan Hybrid,,,2026 Civic Sedan Hybrid Sport,2026 civic sedan hybrid sport,user,2026-01-28T14:35:31.918313Z,no_data
2026,Honda,Civic Sedan,,,2026 Civic Si Sedan,2026 civic si sedan,user,2026-01-28T15:06:21.901621Z,no_data
2026,Jeep,Compass,Latitude,MPJM74/29J,2026 COMPASS LATITUDE 4X4,2026 compass latitude 4x4,user,2026-01-28T15:31:42.654788Z,mapped
2026,Jeep,Compass,Latitude Altitude,MPJM74/29J,2026 COMPASS LATITUDE ALTITUDE 4X4,2026 compass latitude altitude 4x4,user,2026-01-28T15:32:50.050912Z,mapped
2026,Jeep,Compass,Limited,MPJP74/29G,2026 COMPASS LIMITED 4X4,2026 compass limited 4x4,user,2026-01-28T15:32:17.760727Z,mapped
2026,Jeep,Compass,Limited Altitude,MPJP74/29G,2026 COMPASS LIMITED ALTITUDE 4X4,2026 compass limited altitude 4x4,user,2026-01-28T15:33:42.680569Z,mapped
2026,Jeep,Compass,Trailhawk,MPJH74/29E,2026 COMPASS TRAILHAWK 4X4,2026 compass trailhawk 4x4,user,2026-01-28T15:33:15.600860Z,mapped
2026,Honda,CR-V,EX,RS3H4TJW,2026 CR-V,2026 cr v,user,2026-01-28T15:04:30.779443Z,mapped
2026,Honda,CR-V,EX-L,RS3H7TJW,2026 CR-V,2026 cr v,user,2026-01-28T15:04:30.779443Z,mapped
2026,Honda,CR-V,LX,RS3H2TEW,2026 CR-V,2026 cr v,user,2026-01-28T15:04:30.779443Z,mapped
2026,Honda,CR-V,LX,RS3H2TEW,2026 CR-V 2WD LX Continuously Variable Transmission,2026 cr v 2wd lx continuously variable transmission,user,2026-01-28T14:50:30.747206Z,mapped
2026,Honda,CR-V Hybrid,Sport,RS5H5TJXW,2026 CR-V 2WD Sport Hybrid Continuously Variable Transmission,2026 cr v 2wd sport hybrid continuously variable transmission,user,2026-01-28T14:54:03.244473Z,mapped
2026,Honda,CR-V,LX,RS4H2TEW,2026 CR-V AWD LX Continuously Variable Transmission,2026 cr v awd lx continuously variable transmission,user,2026-01-28T14:49:32.145395Z,mapped
2026,Honda,CR-V Hybrid,Sport,RS6H5TJXW,2026 CR-V AWD Sport Hybrid Continuously Variable Transmission,2026 cr v awd sport hybrid continuously variable transmission,user,2026-01-28T14:52:49.611243Z,mapped
2026,Honda,CR-V e:FCEV,,,2026 CR-V Fuel Cell,2026 cr v fuel cell,user,2026-01-28T14:57:24.862646Z,no_data
2026,Honda,CR-V Hybrid,Sport,RS5H5TJXW,2026 CR-V Hybrid,2026 cr v hybrid,user,2026-01-28T15:01:38.375088Z,mapped
2026,Honda,CR-V Hybrid,Sport Touring,RS6H9TKXW,2026 CR-V Hybrid,2026 cr v hybrid,user,2026-01-28T15:01:38.375088Z,mapped
2026,Honda,CR-V Hybrid,Sport-L,RS5H8TJFW,2026 CR-V Hybrid,2026 cr v hybrid,user,2026-01-28T15:01:38.375088Z,mapped
2026,Honda,CR-V Hybrid,TrailSport,RS6H6TJZW,2026 CR-V Hybrid,2026 cr v hybrid,user,2026-01-28T15:01:38.375088Z,mapped
2026,Land Rover,DEFENDER 110,,,2026 Defender 110 models (Excluding OCTA Models),2026 defender 110 models (excluding octa models),user,2026-01-27T16:28:54.895475Z,no_data
2026,Land Rover,DEFENDER 110,,,2026 Defender 110 P300 S,2026 defender 110 p300 s,user,2026-01-27T16:14:50.558180Z,no_data
2026,Land Rover,DEFENDER 130,,,2026 Defender 130 models,2026 defender 130 models,user,2026-01-27T16:29:41.740780Z,no_data
2026,Land Rover,DEFENDER 130,,,2026 Defender 130 P300 S,2026 defender 130 p300 s,user,2026-01-27T16:15:59.260066Z,no_data
2026,Land Rover,Discovery,Dynamic SE,HC462/462AF,2026 Discovery models,2026 discovery models,user,2026-01-27T16:31:38.083749Z,mapped
2026,Land Rover,Discovery,Gemini Edition,HB462/462BD,2026 Discovery models,2026 discovery models,user,2026-01-27T16:31:38.083749Z,mapped
2026,Land Rover,Discovery,S,HC462/351QG,2026 Discovery models,2026 discovery models,user,2026-01-27T16:31:38.083749Z,mapped
2026,Land Rover,Discovery,Tempest Edition,HB462/462BH,2026 Discovery models,2026 discovery models,user,2026-01-27T16:31:38.083749Z,mapped
2026,Land Rover,Discovery Sport,Landmark,HQ550/353BT,2026 Discovery Sport Models,2026 discovery sport models,user,2026-01-27T16:30:37.496090Z,mapped
2026,Dodge,Durango,GT,WDEH75/2BD,2026 DURANGO GT AWD,2026 durango gt awd,user,2026-01-27T17:57:13.098284Z,mapped
2026,Dodge,Durango,GT HEMI V8,WDES75/22S,2026 DURANGO GT AWD HEMI V8,2026 durango gt awd hemi v8,user,2026-01-27T18:04:17.415313Z,mapped
2026,Dodge,Durango,GT Plus,WDEH75/2BD,2026 DURANGO GT PLUS AWD,2026 durango gt plus awd,user,2026-01-27T18:04:48.999179Z,mapped
2026,Dodge,Durango,GT Plus HEMI V8,WDES75/22S,2026 DURANGO GT PLUS AWD HEMI V8,2026 durango gt plus awd hemi v8,user,2026-01-27T18:05:12.200302Z,mapped
2026,Dodge,Durango,GT Premium HEMI V8,WDES75/22S,2026 DURANGO GT PREMIUM AWD HEMI V8,2026 durango gt premium awd hemi v8,user,2026-01-27T18:18:54.259229Z,mapped
2026,Dodge,Durango,GT,WDDH75/2BD,2026 DURANGO GT RWD,2026 durango gt rwd,user,2026-01-27T17:58:02.176837Z,mapped
2026,Dodge,Durango,SRT Hellcat,WDEM75/2XP,2026 DURANGO SRT HELLCAT AWD,2026 durango srt hellcat awd,user,2026-01-27T18:13:11.659830Z,mapped
2026,Dodge,Durango,SRT Hellcat,WDEM75/2XP,2026 DURANGO SRT HELLCAT BRASS MONKEY AWD,2026 durango srt hellcat brass monkey awd,user,2026-01-27T18:16:32.295769Z,mapped
2026,Dodge,Durango,SRT Hellcat,WDEM75/2XP,2026 DURANGO SRT HELLCAT HAMMERHEAD AWD,2026 durango srt hellcat hammerhead awd,user,2026-01-27T18:15:24.602193Z,mapped
2026,Dodge,Durango,SRT Jailbreak,WDEM75/2XP,2026 DURANGO SRT HELLCAT JAILBREAK AWD,2026 durango srt hellcat jailbreak awd,user,2026-01-27T18:17:06.165713Z,mapped
2026,Dodge,Durango,SRT Hellcat,WDEM75/2XP,2026 DURANGO SRT HELLCAT SILVER BULLET AWD,2026 durango srt hellcat silver bullet awd,user,2026-01-27T18:16:03.612794Z,mapped
2026,Mitsubishi,Eclipse Cross,Black Edition,EC45-H/R62,2026 Eclipse Cross,2026 eclipse cross,user,2026-01-28T13:55:41.566148Z,mapped
2026,Mitsubishi,Eclipse Cross,ES,EC45-B/A61,2026 Eclipse Cross,2026 eclipse cross,user,2026-01-28T13:55:41.566148Z,mapped
2026,Mitsubishi,Eclipse Cross,LE,EC45-F/E61,2026 Eclipse Cross,2026 eclipse cross,user,2026-01-28T13:55:41.566148Z,mapped
2026,Mitsubishi,Eclipse Cross,Ralliart,EC45-R/R61,2026 Eclipse Cross,2026 eclipse cross,user,2026-01-28T13:55:41.566148Z,mapped
2026,Mitsubishi,Eclipse Cross,SE,EC45-J/E62,2026 Eclipse Cross,2026 eclipse cross,user,2026-01-28T13:55:41.566148Z,mapped
2026,Mitsubishi,Eclipse Cross,SEL,EC45-N/E64,2026 Eclipse Cross,2026 eclipse cross,user,2026-01-28T13:55:41.566148Z,mapped
2026,Mitsubishi,Eclipse Cross,ES,EC45-B/A61,2026 Eclipse Cross ES 1.5T S-AWC,2026 eclipse cross es 1.5t s awc,user,2026-01-28T13:54:49.251567Z,mapped
2026,Hyundai,Elantra,Limited,494M2F4S/01,2026 ELANTRA LIMITED,2026 elantra limited,user,2026-01-27T19:04:18.657583Z,mapped
2026,Hyundai,Elantra,N Line,494L2FT5/01,2026 ELANTRA N LINE,2026 elantra n line,user,2026-01-27T19:04:31.480738Z,mapped
2026,Hyundai,Elantra N,,4N4A2FT5/01,2026 ELANTRA N N,2026 elantra n n,user,2026-01-27T19:05:48.374638Z,mapped
2026,Hyundai,Elantra,SE,494E2F4S/01,2026 ELANTRA SE,2026 elantra se,user,2026-01-27T19:03:37.744327Z,mapped
2026,Hyundai,Elantra,SEL Sport,494G2F4S/01,2026 ELANTRA SEL SPORT,2026 elantra sel sport,user,2026-01-27T19:03:52.222790Z,mapped
2026,Hyundai,Elantra,SEL Sport Premium,494K2F4S/01,2026 ELANTRA SEL SPORT PREMIUM,2026 elantra sel sport premium,user,2026-01-27T19:04:06.088100Z,mapped
2026,Volvo,EX30,Cross Country Ultra,EX30TCCUAWD,2026 EX30 AWD Cross Country Ultra,2026 ex30 awd cross country ultra,user,2026-01-27T15:11:13.762186Z,mapped
2026,Ford,Escape,Active,U9G/200A,2026 Ford Escape Active AWD,2026 ford escape active awd,user,2026-01-27T19:47:15.544606Z,mapped
2026,Ford,Escape,Active,U9G/200A,2026 Ford Escape Active AWD 1.5L Gas,2026 ford escape active awd 1.5l gas,user,2026-01-27T19:21:11.444920Z,mapped
2026,Ford,Escape,PHEV,U0E/700A,2026 Ford Escape PHEV,2026 ford escape phev,user,2026-01-27T19:21:46.748771Z,mapped
2026,Ford,Explorer,Active,K7D/100A,2026 Ford Explorer,2026 ford explorer,user,2026-01-27T19:23:24.743800Z,mapped
2026,Ford,Explorer,Platinum,K7H/600A,2026 Ford Explorer,2026 ford explorer,user,2026-01-27T19:23:24.743800Z,mapped
2026,Ford,Explorer,ST,K7G/400A,2026 Ford Explorer,2026 ford explorer,user,2026-01-27T19:23:24.743800Z,mapped
2026,Ford,Explorer,ST-Line,K7K/300A,2026 Ford Explorer,2026 ford explorer,user,2026-01-27T19:23:24.743800Z,mapped
2026,Ford,Explorer,Tremor,K8J/800A,2026 Ford Explorer,2026 ford explorer,user,2026-01-27T19:23:24.743800Z,mapped
2026,Ford,Explorer,Active,K8D/100A,2026 Ford Explorer Active 4WD,2026 ford explorer active 4wd,user,2026-01-27T19:53:15.638065Z,mapped
2026,Ford,Explorer,Active,K8D/100A,2026 Ford Explorer Active 4WD with Comfort Package,2026 ford explorer active 4wd with comfort package,user,2026-01-27T19:48:36.466930Z,mapped
2026,Ford,Explorer,Active,K7D/100A,2026 Ford Explorer Active RWD,2026 ford explorer active rwd,user,2026-01-27T19:51:45.073331Z,mapped
2026,Ford,Explorer,ST-Line,K8K/300A,2026 Ford Explorer ST-Line 4WD,2026 ford explorer st line 4wd,user,2026-01-27T19:51:01.248158Z,mapped
2026,Ford,Explorer,ST-Line,K7K/300A,2026 Ford Explorer ST-Line and Tremor,2026 ford explorer st line and tremor,user,2026-01-27T19:50:04.608910Z,mapped
2026,Ford,Explorer,Tremor,K8J/800A,2026 Ford Explorer ST-Line and Tremor,2026 ford explorer st line and tremor,user,2026-01-27T19:50:04.608910Z,mapped
2026,Ford,F-150 Lightning,Flash,W3L/312A,2026 Ford F-150 Lightning,2026 ford f 150 lightning,user,2026-01-27T19:53:47.319559Z,mapped
2026,Ford,F-150 Lightning,LARIAT,W5L/511A,2026 Ford F-150 Lightning,2026 ford f 150 lightning,user,2026-01-27T19:53:47.319559Z,mapped
2026,Ford,F-150 Lightning,Platinum,W7L/710A,2026 Ford F-150 Lightning,2026 ford f 150 lightning,user,2026-01-27T19:53:47.319559Z,mapped
2026,Ford,F-150 Lightning,Pro,W1B/110A,2026 Ford F-150 Lightning,2026 ford f 150 lightning,user,2026-01-27T19:53:47.319559Z,mapped
2026,Ford,F-150 Lightning,STX,W3J/310A,2026 Ford F-150 Lightning,2026 ford f 150 lightning,user,2026-01-27T19:53:47.319559Z,mapped
2026,Ford,Maverick,LARIAT,W8S/501A,2026 Ford Maverick,2026 ford maverick,user,2026-01-27T19:52:46.276683Z,mapped
2026,Ford,Maverick,Lobo High,W8P/702A,2026 Ford Maverick,2026 ford maverick,user,2026-01-27T19:52:46.276683Z,mapped
2026,Ford,Maverick,Lobo Standard,W8T/402A,2026 Ford Maverick,2026 ford maverick,user,2026-01-27T19:52:46.276683Z,mapped
2026,Ford,Maverick,Tremor,W8N/602A,2026 Ford Maverick,2026 ford maverick,user,2026-01-27T19:52:46.276683Z,mapped
2026,Ford,Maverick,XL,W8A/100A,2026 Ford Maverick,2026 ford maverick,user,2026-01-27T19:52:46.276683Z,mapped
2026,Ford,Maverick,XLT,W8H/300A,2026 Ford Maverick,2026 ford maverick,user,2026-01-27T19:52:46.276683Z,mapped
2026,Ford,Mustang Mach-E,GT,K4S/400A,2026 Ford Mustang Mach-E,2026 ford mustang mach e,user,2026-01-27T19:48:11.155051Z,mapped
2026,Ford,Mustang Mach-E,Premium,K3R/300A,2026 Ford Mustang Mach-E,2026 ford mustang mach e,user,2026-01-27T19:48:11.155051Z,mapped
2026,Ford,Mustang Mach-E,Select,K1R/100A,2026 Ford Mustang Mach-E,2026 ford mustang mach e,user,2026-01-27T19:48:11.155051Z,mapped
2026,Ford,Mustang Mach-E,Premium,K3R/300A,2026 Ford Mustang Mach-E Premium AWD Extended Battery,2026 ford mustang mach e premium awd extended battery,user,2026-01-27T19:49:21.372645Z,mapped
2026,Jeep,Gladiator,Mojave,JTJH98/24D,2026 GLADIATOR MOJAVE 4X4,2026 gladiator mojave 4x4,user,2026-01-28T17:24:40.781180Z,mapped
2026,Jeep,Gladiator,Mojave X,JTJH98/24D,2026 GLADIATOR MOJAVE X 4X4,2026 gladiator mojave x 4x4,user,2026-01-28T17:25:02.504396Z,mapped
2026,Jeep,Gladiator,Rubicon,JTJS98/24R,2026 GLADIATOR RUBICON 4X4,2026 gladiator rubicon 4x4,user,2026-01-28T17:24:21.796079Z,mapped
2026,Jeep,Gladiator,Rubicon X,JTJS98/24R,2026 GLADIATOR RUBICON X 4X4,2026 gladiator rubicon x 4x4,user,2026-01-28T17:25:27.580621Z,mapped
2026,Jeep,Gladiator,Sahara,JTJL98/24B,2026 GLADIATOR SAHARA 4X4,2026 gladiator sahara 4x4,user,2026-01-28T17:23:38.193034Z,mapped
2026,Jeep,Gladiator,Sport,JTJL98/24B,2026 GLADIATOR SPORT 4X4,2026 gladiator sport 4x4,user,2026-01-28T17:22:30.404208Z,mapped
2026,Jeep,Gladiator,Sport S,JTJL98/24B,2026 GLADIATOR SPORT S 4X4,2026 gladiator sport s 4x4,user,2026-01-28T17:22:49.544997Z,mapped
2026,Jeep,Gladiator,Texas Trail,JTJL98/24B,2026 GLADIATOR TEXAS TRAIL 4X4,2026 gladiator texas trail 4x4,user,2026-01-28T17:58:25.806131Z,mapped
2026,Jeep,Gladiator,Willys,JTJL98/24B,2026 GLADIATOR WILLYS '41 4X4,2026 gladiator willys '41 4x4,user,2026-01-28T17:24:01.295990Z,mapped
2026,Jeep,Gladiator,Willys,JTJL98/24B,2026 GLADIATOR WILLYS 4X4,2026 gladiator willys 4x4,user,2026-01-28T17:23:16.996333Z,mapped
2026,Jeep,WAGONEER,,,2026 GRAND WAGONEER 4X2,2026 grand wagoneer 4x2,user,2026-01-28T17:53:47.122867Z,no_data
2026,Jeep,WAGONEER,,,2026 GRAND WAGONEER 4X4,2026 grand wagoneer 4x4,user,2026-01-28T17:54:04.627316Z,no_data
2026,Jeep,WAGONEER,,,2026 GRAND WAGONEER L 4X2,2026 grand wagoneer l 4x2,user,2026-01-28T17:54:25.741755Z,no_data
2026,Jeep,WAGONEER,,,2026 GRAND WAGONEER L 4X4,2026 grand wagoneer l 4x4,user,2026-01-28T17:54:45.711197Z,no_data
2026,Jeep,WAGONEER,,,2026 GRAND WAGONEER L LIMITED ALTITUDE 4X4,2026 grand wagoneer l limited altitude 4x4,user,2026-01-28T17:55:50.426467Z,no_data
2026,Jeep,WAGONEER,,,2026 GRAND WAGONEER L LIMITED RESERVE 4X4,2026 grand wagoneer l limited reserve 4x4,user,2026-01-28T17:56:40.565364Z,no_data
2026,Jeep,WAGONEER,,,2026 GRAND WAGONEER L SUMMIT OBSIDIAN 4X4,2026 grand wagoneer l summit obsidian 4x4,user,2026-01-28T17:57:08.993359Z,no_data
2026,Jeep,WAGONEER,,,2026 GRAND WAGONEER L SUMMIT RESERVE 4X4,2026 grand wagoneer l summit reserve 4x4,user,2026-01-28T17:57:36.099782Z,no_data
2026,Jeep,WAGONEER,,,2026 GRAND WAGONEER LIMITED ALTITUDE 4X4,2026 grand wagoneer limited altitude 4x4,user,2026-01-28T17:56:01.653090Z,no_data
2026,Jeep,WAGONEER,,,2026 GRAND WAGONEER LIMITED RESERVE 4X4,2026 grand wagoneer limited reserve 4x4,user,2026-01-28T17:56:28.615360Z,no_data
2026,Jeep,WAGONEER,,,2026 GRAND WAGONEER SUMMIT OBSIDIAN 4X4,2026 grand wagoneer summit obsidian 4x4,user,2026-01-28T17:56:56.791635Z,no_data
2026,Jeep,WAGONEER,,,2026 GRAND WAGONEER SUMMIT RESERVE 4X4,2026 grand wagoneer summit reserve 4x4,user,2026-01-28T17:57:22.632082Z,no_data
2026,Jeep,WAGONEER,,,2026 GRAND WAGONEER UPLAND 4X4,2026 grand wagoneer upland 4x4,user,2026-01-28T17:55:37.789075Z,no_data
2026,Honda,HR-V,EX-L,RZ1H7TJW,2026 HR-V,2026 hr v,user,2026-01-28T15:05:02.255260Z,mapped
2026,Honda,HR-V,LX,RZ1H3TEW,2026 HR-V,2026 hr v,user,2026-01-28T15:05:02.255260Z,mapped
2026,Honda,HR-V,Sport,RZ1H5TEW,2026 HR-V,2026 hr v,user,2026-01-28T15:05:02.255260Z,mapped
2026,Honda,HR-V,LX,RZ1H3TEW,2026 HR-V 2WD LX Continuously Variable Transmission,2026 hr v 2wd lx continuously variable transmission,user,2026-01-28T14:56:02.219253Z,mapped
2026,Honda,HR-V,LX,RZ2H3TEW,2026 HR-V AWD LX Continuously Variable Transmission,2026 hr v awd lx continuously variable transmission,user,2026-01-28T14:55:29.919349Z,mapped
2026,Volkswagen,ID.4,,,2026 ID.4,2026 id.4,user,2026-01-27T15:13:52.146070Z,no_data
2026,Acura,Integra,,DE4H2TJW,2026 Integra,2026 integra,user,2026-01-24T18:49:23.098375Z,
2026,Acura,Integra,,DE4H2TJW,2026 Integra,2026 integra,user,2026-01-27T14:29:12.315155Z,mapped
2026,Acura,Integra,Type S,DE5G9TEW,2026 Integra,2026 integra,user,2026-01-24T18:49:23.098375Z,
2026,Acura,Integra,Type S,DE5G9TEW,2026 Integra,2026 integra,user,2026-01-27T14:29:12.315155Z,mapped
2026,Acura,Integra,w/A-Spec Package,DE4H3TJW,2026 Integra,2026 integra,user,2026-01-24T18:49:23.098375Z,
2026,Acura,Integra,w/A-Spec Package,DE4H3TJW,2026 Integra,2026 integra,user,2026-01-27T14:29:12.315155Z,mapped
2026,Acura,Integra,w/A-Spec Technology Package,DE4G7TJW,2026 Integra,2026 integra,user,2026-01-24T18:49:23.098375Z,
2026,Acura,Integra,w/A-Spec Technology Package,DE4G7TJW,2026 Integra,2026 integra,user,2026-01-27T14:29:12.315155Z,mapped
2026,Acura,Integra,,DE4H2TJW,2026 Integra FWD Continuously Variable Transmission,2026 integra fwd continuously variable transmission,user,2026-01-24T18:40:49.132210Z,
2026,Acura,Integra,,DE4H2TJW,2026 Integra FWD Continuously Variable Transmission,2026 integra fwd continuously variable transmission,user,2026-01-27T15:37:23.653761Z,mapped
2026,Hyundai,IONIQ 5,SE,51412REZ/01,2026 IONIQ 5 SE RWD,2026 ioniq 5 se rwd,user,2026-01-27T15:26:06.098511Z,mapped
2026,Hyundai,IONIQ 5,SEL,51442REZ/01,2026 IONIQ 5 SEL RWD,2026 ioniq 5 sel rwd,user,2026-01-27T15:27:03.301600Z,mapped
2026,Jaguar,F-PACE,R-Dynamic S,HD761/352MC,2026 Jaguar F-PACE,2026 jaguar f pace,user,2026-01-28T15:27:05.088721Z,mapped
2026,Jaguar,F-PACE,SVR 575 Edition,HO761/352XK,2026 Jaguar F-PACE,2026 jaguar f pace,user,2026-01-28T15:27:05.088721Z,mapped
2026,Jaguar,F-PACE,R-Dynamic S,HB761/352KU,2026 Jaguar F-PACE P250 R-Dynamic S AWD,2026 jaguar f pace p250 r dynamic s awd,user,2026-01-28T15:25:51.645955Z,mapped
2026,Volkswagen,Jetta GLI,Autobahn,BU59V2,2026 Jetta GLI,2026 jetta gli,user,2026-01-27T15:14:18.323473Z,mapped
2026,Lexus,LC 500,LC 500,9260,2026 LC,2026 lc,user,2026-01-27T21:05:05.117463Z,mapped
2026,Lexus,LS,,,2026 LS,2026 ls,user,2026-01-27T21:06:55.567000Z,no_data
2026,MAZDA,MAZDA3 SEDAN,,,2026 MAZDA3 SEDAN,2026 mazda3 sedan,user,2026-01-27T15:20:07.218694Z,no_data
2026,Acura,MDX,,YD9H3TJNW,2026 MDX,2026 mdx,user,2026-01-27T15:09:23.201631Z,mapped
2026,Acura,MDX,Type S w/Advance Package,YD8H8TKNW,2026 MDX,2026 mdx,user,2026-01-27T15:09:23.201631Z,mapped
2026,Acura,MDX,w/A-Spec Advance Package,YE1H9TKNW,2026 MDX,2026 mdx,user,2026-01-27T15:09:23.201631Z,mapped
2026,Acura,MDX,w/A-Spec Package,YE1H0TKNW,2026 MDX,2026 mdx,user,2026-01-27T15:09:23.201631Z,mapped
2026,Acura,MDX,w/Advance Package,YE1H8TKNW,2026 MDX,2026 mdx,user,2026-01-27T15:09:23.201631Z,mapped
2026,Acura,MDX,w/Technology Package,YD9H4TKNW,2026 MDX,2026 mdx,user,2026-01-27T15:09:23.201631Z,mapped
2026,Acura,MDX,,YD9H3TJNW,2026 MDX SH-AWD 10 Speed Automatic,2026 mdx sh awd 10 speed automatic,user,2026-01-27T15:43:19.291293Z,mapped
2026,Kia,Niro,EX,G4242,2026 Niro EX FWD,2026 niro ex fwd,user,2026-01-27T19:55:36.222221Z,mapped
2026,Kia,Niro,LX,G4222,2026 Niro LX FWD,2026 niro lx fwd,user,2026-01-27T19:55:25.786501Z,mapped
2026,Lexus,NX,,,2026 NX 350 AWD,2026 nx 350 awd,user,2026-01-28T18:00:53.524981Z,no_data
2026,Lexus,NXh,,,2026 NX 350h AWD,2026 nx 350h awd,user,2026-01-28T18:01:13.308999Z,no_data
2026,Lexus,NXphev,,,2026 NX 450h+ PREMIUM AWD,2026 nx 450h+ premium awd,user,2026-01-28T18:01:23.491631Z,no_data
2026,Honda,Odyssey,EX-L,RL6H6TJNW,2026 Odyssey,2026 odyssey,user,2026-01-28T14:57:58.688713Z,mapped
2026,Honda,Odyssey,Elite,RL6H9TKNW,2026 Odyssey,2026 odyssey,user,2026-01-28T14:57:58.688713Z,mapped
2026,Honda,Odyssey,Sport-L,RL6H7TJNW,2026 Odyssey,2026 odyssey,user,2026-01-28T14:57:58.688713Z,mapped
2026,Honda,Odyssey,Touring,RL6H8TKNW,2026 Odyssey,2026 odyssey,user,2026-01-28T14:57:58.688713Z,mapped
2026,Honda,Odyssey,EX-L,RL6H6TJNW,2026 Odyssey EX-L,2026 odyssey ex l,user,2026-01-28T14:56:57.022317Z,mapped
2026,Mitsubishi,Outlander,Black Edition,OT45-Q/E6G,2026 Outlander,2026 outlander,user,2026-01-28T13:55:21.246184Z,mapped
2026,Mitsubishi,Outlander,ES,OT45-A/E6A,2026 Outlander,2026 outlander,user,2026-01-28T13:55:21.246184Z,mapped
2026,Mitsubishi,Outlander,LE,OT45-E/E6B,2026 Outlander,2026 outlander,user,2026-01-28T13:55:21.246184Z,mapped
2026,Mitsubishi,Outlander,Ralliart,OT45-R/R68,2026 Outlander,2026 outlander,user,2026-01-28T13:55:21.246184Z,mapped
2026,Mitsubishi,Outlander,SE,OT45-I/E6C,2026 Outlander,2026 outlander,user,2026-01-28T13:55:21.246184Z,mapped
2026,Mitsubishi,Outlander,SEL,OT45-M/E6E,2026 Outlander,2026 outlander,user,2026-01-28T13:55:21.246184Z,mapped
2026,Mitsubishi,Outlander,Trail Edition,OT45-T/R61,2026 Outlander,2026 outlander,user,2026-01-28T13:55:21.246184Z,mapped
2026,Mitsubishi,Outlander,ES,OT45-A/E6A,2026 Outlander ES 1.5T 2WD,2026 outlander es 1.5t 2wd,user,2026-01-28T13:54:39.347802Z,mapped
2026,Mitsubishi,Outlander Sport,ES,OS45-B/A61,2026 Outlander Sport,2026 outlander sport,user,2026-01-28T13:56:06.081520Z,mapped
2026,Mitsubishi,Outlander Sport,LE,OS45-F/A62,2026 Outlander Sport,2026 outlander sport,user,2026-01-28T13:56:06.081520Z,mapped
2026,Mitsubishi,Outlander Sport,Railliart,OS45-R/R66,2026 Outlander Sport,2026 outlander sport,user,2026-01-28T13:56:06.081520Z,mapped
2026,Mitsubishi,Outlander Sport,S,OS45-Y/A65,2026 Outlander Sport,2026 outlander sport,user,2026-01-28T13:56:06.081520Z,mapped
2026,Mitsubishi,Outlander Sport,SE,OS45-J/A63,2026 Outlander Sport,2026 outlander sport,user,2026-01-28T13:56:06.081520Z,mapped
2026,Mitsubishi,Outlander Sport,SEL,OS45-N/A64,2026 Outlander Sport,2026 outlander sport,user,2026-01-28T13:56:06.081520Z,mapped
2026,Mitsubishi,Outlander Sport,Trail Edition,OS45-H/R67,2026 Outlander Sport,2026 outlander sport,user,2026-01-28T13:56:06.081520Z,mapped
2026,Chrysler,Pacifica,Limited,RUCT53/27P,2026 PACIFICA LIMITED,2026 pacifica limited,user,2026-01-27T17:48:53.465952Z,mapped
2026,Chrysler,Pacifica,Limited,RUFT53/27P,2026 PACIFICA LIMITED awd,2026 pacifica limited awd,user,2026-01-27T17:49:32.657203Z,mapped
2026,Chrysler,Pacifica,Pinnacle,RUCS53/27S,2026 PACIFICA PINNACLE,2026 pacifica pinnacle,user,2026-01-27T17:50:10.699412Z,mapped
2026,Chrysler,Pacifica,Pinnacle,RUFS53/27S,2026 PACIFICA PINNACLE awd,2026 pacifica pinnacle awd,user,2026-01-27T17:50:42.940735Z,mapped
2026,Chrysler,PACIFICA PLUG-IN HYBRID,,,2026 PACIFICA PLUG-IN HYBRID PINNACLE,2026 pacifica plug in hybrid pinnacle,user,2026-01-27T17:52:46.683673Z,no_data
2026,Chrysler,PACIFICA PLUG-IN HYBRID,,,2026 PACIFICA PLUG-IN HYBRID SELECT,2026 pacifica plug in hybrid select,user,2026-01-27T17:52:07.629951Z,no_data
2026,Chrysler,PACIFICA PLUG-IN HYBRID,,,2026 PACIFICA PLUG-IN HYBRID SELECT PREMIUM,2026 pacifica plug in hybrid select premium,user,2026-01-27T17:52:29.223680Z,no_data
2026,Chrysler,Pacifica,Select,RUCH53/27L,2026 PACIFICA SELECT,2026 pacifica select,user,2026-01-27T17:48:04.202470Z,mapped
2026,Chrysler,Pacifica,Select,RUFH53/27L,2026 PACIFICA SELECT awd,2026 pacifica select awd,user,2026-01-27T17:48:25.706831Z,mapped
2026,Hyundai,Palisade,Calligraphy,J2492A65/01,2026 PALISADE CALLIGRAPHY AWD,2026 palisade calligraphy awd,user,2026-01-27T19:09:38.244389Z,mapped
2026,Hyundai,Palisade,Calligraphy,J2492F65/01,2026 PALISADE CALLIGRAPHY FWD,2026 palisade calligraphy fwd,user,2026-01-27T19:09:28.037651Z,mapped
2026,Hyundai,Palisade,Limited,J2472A65/01,2026 PALISADE LIMITED AWD,2026 palisade limited awd,user,2026-01-27T19:09:08.315141Z,mapped
2026,Hyundai,Palisade,Limited,J2472F65/01,2026 PALISADE LIMITED FWD,2026 palisade limited fwd,user,2026-01-27T19:08:54.116439Z,mapped
2026,Hyundai,Palisade,SEL Premium 7P,J2432F65/01,2026 PALISADE LIMITED FWD,2026 palisade limited fwd,user,2026-01-27T19:08:54.116439Z,mapped
2026,Hyundai,Palisade,SE,J2412F65/01,2026 PALISADE SE AWD,2026 palisade se awd,user,2026-01-27T19:06:33.235351Z,mapped
2026,Hyundai,Palisade,SE,J2412F65/01,2026 PALISADE SE FWD,2026 palisade se fwd,user,2026-01-27T19:06:22.821327Z,mapped
2026,Hyundai,Palisade,SE,J2412F65/01,2026 PALISADE SEL AWD,2026 palisade sel awd,user,2026-01-27T19:07:34.396883Z,mapped
2026,Hyundai,Palisade,SEL 7P,J2442A65/01,2026 PALISADE SEL AWD,2026 palisade sel awd,user,2026-01-27T19:07:34.396883Z,mapped
2026,Hyundai,Palisade,SEL Convenience,J2422A65/01,2026 PALISADE SEL CONVENIENCE AWD,2026 palisade sel convenience awd,user,2026-01-27T19:08:16.383388Z,mapped
2026,Hyundai,Palisade,SEL Convenience,J2422A65/01,2026 PALISADE SEL CONVENIENCE FWD,2026 palisade sel convenience fwd,user,2026-01-27T19:08:00.329542Z,mapped
2026,Hyundai,Palisade,SE,J2412F65/01,2026 PALISADE SEL FWD,2026 palisade sel fwd,user,2026-01-27T19:07:19.468953Z,mapped
2026,Hyundai,Palisade,SEL 7P,J2442F65/01,2026 PALISADE SEL FWD,2026 palisade sel fwd,user,2026-01-27T19:07:19.468953Z,mapped
2026,Hyundai,Palisade,SEL Premium 7P,J2432F65/01,2026 PALISADE SEL PREMIUM AWD,2026 palisade sel premium awd,user,2026-01-27T19:08:39.431294Z,mapped
2026,Hyundai,Palisade,SEL Premium 7P,J2432F65/01,2026 PALISADE SEL PREMIUM FWD,2026 palisade sel premium fwd,user,2026-01-27T19:08:30.988058Z,mapped
2026,Hyundai,Palisade,XRT Pro,J2452A65/01,2026 PALISADE XRT PRO,2026 palisade xrt pro,user,2026-01-27T19:09:16.185767Z,mapped
2026,Honda,Passport,RTL,YF9H3TGXW,2026 Passport,2026 passport,user,2026-01-28T15:05:34.953786Z,mapped
2026,Honda,Passport,RTL Blackout,YF9H3TGZW,2026 Passport,2026 passport,user,2026-01-28T15:05:34.953786Z,mapped
2026,Honda,Passport,RTL Towing,YF9H3TGYW,2026 Passport,2026 passport,user,2026-01-28T15:05:34.953786Z,mapped
2026,Honda,Passport,TrailSport,YF9H5TKW,2026 Passport,2026 passport,user,2026-01-28T15:05:34.953786Z,mapped
2026,Honda,Passport,TrailSport Blackout,YF9H5TKXW,2026 Passport,2026 passport,user,2026-01-28T15:05:34.953786Z,mapped
2026,Honda,Passport,TrailSport Elite,YF9H8TKNW,2026 Passport,2026 passport,user,2026-01-28T15:05:34.953786Z,mapped
2026,Honda,Passport,TrailSport Elite Blackout,YF9H8TKXW,2026 Passport,2026 passport,user,2026-01-28T15:05:34.953786Z,mapped
2026,Honda,Passport,RTL,YF9H3TGXW,2026 Passport AWD RTL,2026 passport awd rtl,user,2026-01-28T14:45:33.326053Z,mapped
2026,Honda,Passport,RTL Blackout,YF9H3TGZW,2026 Passport AWD RTL,2026 passport awd rtl,user,2026-01-28T14:45:33.326053Z,mapped
2026,Honda,Passport,RTL Towing,YF9H3TGYW,2026 Passport AWD RTL,2026 passport awd rtl,user,2026-01-28T14:45:33.326053Z,mapped
2026,Honda,Pilot,,,2026 Pilot,2026 pilot,user,2026-01-28T15:09:41.143825Z,no_data
2026,Honda,CR-V Hybrid,Sport,RS5H5TJXW,2026 Prelude Hybrid,2026 prelude hybrid,user,2026-01-28T15:06:43.201794Z,mapped
2026,Honda,CR-V Hybrid,Sport Touring,RS6H9TKXW,2026 Prelude Hybrid,2026 prelude hybrid,user,2026-01-28T15:06:43.201794Z,mapped
2026,Honda,CR-V Hybrid,Sport-L,RS5H8TJFW,2026 Prelude Hybrid,2026 prelude hybrid,user,2026-01-28T15:06:43.201794Z,mapped
2026,Honda,CR-V Hybrid,TrailSport,RS6H6TJZW,2026 Prelude Hybrid,2026 prelude hybrid,user,2026-01-28T15:06:43.201794Z,mapped
2026,Honda,Prologue,EX,3B3H2TEXW,2026 Prologue,2026 prologue,user,2026-01-28T14:58:40.239800Z,mapped
2026,Honda,Prologue,Elite,3B4H8TJW,2026 Prologue,2026 prologue,user,2026-01-28T14:58:40.239800Z,mapped
2026,Honda,Prologue,Touring,3B3H6TJXW,2026 Prologue,2026 prologue,user,2026-01-28T14:58:40.239800Z,mapped
2026,Honda,Prologue,EX,3B4H2TEW,2026 Prologue AWD EX,2026 prologue awd ex,user,2026-01-28T14:47:26.702561Z,mapped
2026,INFINITI,QX60,AUTOGRAPH,84816,2026 QX60,2026 qx60,user,2026-01-28T15:22:30.592444Z,mapped
2026,INFINITI,QX60,LUXE,84216,2026 QX60,2026 qx60,user,2026-01-28T15:22:30.592444Z,mapped
2026,INFINITI,QX60,PURE,84016,2026 QX60,2026 qx60,user,2026-01-28T15:22:30.592444Z,mapped
2026,INFINITI,QX60,SPORT,84416,2026 QX60,2026 qx60,user,2026-01-28T15:22:30.592444Z,mapped
2026,INFINITI,QX60,LUXE,84216,2026 QX60 LUXE AWD,2026 qx60 luxe awd,user,2026-01-28T15:13:56.643832Z,mapped
2026,INFINITI,QX60,PURE,84116,2026 QX60 LUXE AWD,2026 qx60 luxe awd,user,2026-01-28T15:15:59.446956Z,mapped
2026,INFINITI,QX60,LUXE,84316,2026 QX60 LUXE FWD,2026 qx60 luxe fwd,user,2026-01-28T15:17:12.875975Z,mapped
2026,INFINITI,QX80,AUTOGRAPH,83616,2026 QX80,2026 qx80,user,2026-01-28T15:23:34.571426Z,mapped
2026,INFINITI,QX80,LUXE,83216,2026 QX80,2026 qx80,user,2026-01-28T15:23:34.571426Z,mapped
2026,INFINITI,QX80,PURE,83016,2026 QX80,2026 qx80,user,2026-01-28T15:23:34.571426Z,mapped
2026,INFINITI,QX80,SENSORY,83416,2026 QX80,2026 qx80,user,2026-01-28T15:23:34.571426Z,mapped
2026,INFINITI,QX80,SPORT,83816,2026 QX80,2026 qx80,user,2026-01-28T15:23:34.571426Z,mapped
2026,INFINITI,QX80,LUXE,83316,2026 QX80 LUXE 2WD,2026 qx80 luxe 2wd,user,2026-01-28T15:20:28.622098Z,mapped
2026,INFINITI,QX80,LUXE,83216,2026 QX80 LUXE 4WD,2026 qx80 luxe 4wd,user,2026-01-28T15:18:36.706285Z,mapped
2026,INFINITI,QX80,PURE,83116,2026 QX80 PURE 2WD,2026 qx80 pure 2wd,user,2026-01-28T15:19:33.913632Z,mapped
2026,INFINITI,QX80,PURE,83016,2026 QX80 PURE 4WD,2026 qx80 pure 4wd,user,2026-01-28T15:21:22.262405Z,mapped
2026,RAM,1500,Big Horn,DT1H41/23Z,"2026 RAM 1500 BIG HORN CREW CAB 4X4 5'7"" BOX","2026 ram 1500 big horn crew cab 4x4 5'7"" box",user,2026-01-28T14:09:35.313792Z,mapped
2026,RAM,1500,Big Horn,DT1H41/23Z,"2026 RAM 1500 LARAMIE CREW CAB 4X4 5'7"" BOX","2026 ram 1500 laramie crew cab 4x4 5'7"" box",user,2026-01-28T14:09:59.448010Z,mapped
2026,RAM,1500,Laramie,DT1P98/21H,"2026 RAM 1500 LARAMIE CREW CAB 4X4 5'7"" BOX","2026 ram 1500 laramie crew cab 4x4 5'7"" box",user,2026-01-28T14:09:59.448010Z,mapped
2026,RAM,1500,Tradesman,DT1L41/23A,"2026 RAM 1500 LARAMIE CREW CAB 4X4 5'7"" BOX","2026 ram 1500 laramie crew cab 4x4 5'7"" box",user,2026-01-28T14:09:59.448010Z,mapped
2026,RAM,1500,Big Horn,DT1H41/23Z,"2026 RAM 1500 TRADESMAN CREW CAB 4X4 5'7"" BOX","2026 ram 1500 tradesman crew cab 4x4 5'7"" box",user,2026-01-28T14:09:46.797594Z,mapped
2026,RAM,1500,Tradesman,DT1L41/23A,"2026 RAM 1500 TRADESMAN CREW CAB 4X4 5'7"" BOX","2026 ram 1500 tradesman crew cab 4x4 5'7"" box",user,2026-01-28T14:09:46.797594Z,mapped
2026,Land Rover,Range Rover Evoque,Core S,HM551/551BL,2026 Range Rover Evoque models,2026 range rover evoque models,user,2026-01-27T16:28:24.849415Z,mapped
2026,Land Rover,Range Rover Evoque,Dynamic SE,HM551/551EZ,2026 Range Rover Evoque models,2026 range rover evoque models,user,2026-01-27T16:28:24.849415Z,mapped
2026,Land Rover,Range Rover Evoque,Core S,HM551/551BL,2026 Range Rover Evoque S,2026 range rover evoque s,user,2026-01-27T16:14:00.307388Z,mapped
2026,Land Rover,Range Rover Sport,Autobiography,AP461/351ZW,2026 Range Rover Sport models,2026 range rover sport models,user,2026-01-27T16:27:34.697205Z,mapped
2026,Land Rover,Range Rover Sport,Dynamic SE,AC461/350XT,2026 Range Rover Sport models,2026 range rover sport models,user,2026-01-27T16:27:34.697205Z,mapped
2026,Land Rover,Range Rover Sport,S,AC461/350VX,2026 Range Rover Sport models,2026 range rover sport models,user,2026-01-27T16:27:34.697205Z,mapped
2026,Land Rover,Range Rover Sport,SE,AC461/350VY,2026 Range Rover Sport models,2026 range rover sport models,user,2026-01-27T16:27:34.697205Z,mapped
2026,Land Rover,Range Rover Sport,SV,AW461/354CW,2026 Range Rover Sport models,2026 range rover sport models,user,2026-01-27T16:27:34.697205Z,mapped
2026,Land Rover,Range Rover Sport,SV Black,AW461/461AD,2026 Range Rover Sport models,2026 range rover sport models,user,2026-01-27T16:27:34.697205Z,mapped
2026,Land Rover,Range Rover Sport,SV Carbon,AW461/461AE,2026 Range Rover Sport models,2026 range rover sport models,user,2026-01-27T16:27:34.697205Z,mapped
2026,Land Rover,Range Rover Velar,S,HB560/560CE,2026 Range Rover Velar P250 S,2026 range rover velar p250 s,user,2026-01-27T16:13:23.384489Z,mapped
2026,Acura,RDX,,TC2H4TJNW,2026 RDX,2026 rdx,user,2026-01-27T15:56:06.526789Z,mapped
2026,Acura,RDX,,TC2H4TJNW,2026 RDX SH-AWD 10 Speed Automatic,2026 rdx sh awd 10 speed automatic,user,2026-01-27T15:10:00.593056Z,mapped
2026,Honda,Ridgeline,Black Edition,YK3F8TKNW,2026 Ridgeline,2026 ridgeline,user,2026-01-28T14:59:25.819722Z,mapped
2026,Honda,Ridgeline,Black Edition Two-Tone,YK3F9TKNW,2026 Ridgeline,2026 ridgeline,user,2026-01-28T14:59:25.819722Z,mapped
2026,Honda,Ridgeline,RTL,YK3F5TJNW,2026 Ridgeline,2026 ridgeline,user,2026-01-28T14:59:25.819722Z,mapped
2026,Honda,Ridgeline,Sport,YK3F1TEW,2026 Ridgeline,2026 ridgeline,user,2026-01-28T14:59:25.819722Z,mapped
2026,Honda,Ridgeline,TrailSport,YK3F6TKNW,2026 Ridgeline,2026 ridgeline,user,2026-01-28T14:59:25.819722Z,mapped
2026,Honda,Ridgeline,TrailSport+,YK3F7TKNW,2026 Ridgeline,2026 ridgeline,user,2026-01-28T14:59:25.819722Z,mapped
2026,Honda,Ridgeline,RTL,YK3F5TJNW,2026 Ridgeline AWD RTL,2026 ridgeline awd rtl,user,2026-01-28T14:32:21.711476Z,mapped
2026,Land Rover,Range Rover Velar,Autobiography,HE560/352UG,2026 Rover Velar models,2026 rover velar models,user,2026-01-27T16:28:00.254099Z,mapped
2026,Land Rover,Range Rover Velar,Dynamic SE,HB560/352YP,2026 Rover Velar models,2026 rover velar models,user,2026-01-27T16:28:00.254099Z,mapped
2026,Land Rover,Range Rover Velar,S,HB560/560CE,2026 Rover Velar models,2026 rover velar models,user,2026-01-27T16:28:00.254099Z,mapped
2026,Lexus,RX,,,2026 RX 350,2026 rx 350,user,2026-01-28T18:01:41.107255Z,no_data
2026,Lexus,RXh,,,2026 RX 350h PREMIUM AWD,2026 rx 350h premium awd,user,2026-01-28T18:01:52.817723Z,no_data
2026,Lexus,RXphev,,,2026 RX 450h+ PREMIUM AWD,2026 rx 450h+ premium awd,user,2026-01-28T18:02:04.455889Z,no_data
2026,Hyundai,Sonata Hybrid,Blue,294C2FBS/01,2026 SONATA BLUE HYBRID,2026 sonata blue hybrid,user,2026-01-27T19:15:53.050131Z,mapped
2026,Hyundai,Sonata Hybrid,Limited,294G2FBS/01,2026 SONATA LIMITED HYBRID,2026 sonata limited hybrid,user,2026-01-27T19:15:40.430391Z,mapped
2026,Hyundai,Sonata,N Line,29472FT5/01,2026 SONATA N LINE,2026 sonata n line,user,2026-01-27T19:17:38.640687Z,mapped
2026,Hyundai,Sonata,SE,29412F4S/01,2026 SONATA SE,2026 sonata se,user,2026-01-27T19:18:04.857090Z,mapped
2026,Hyundai,Sonata Hybrid,SEL,294D2FBS/01,2026 SONATA SEL HYBRID,2026 sonata sel hybrid,user,2026-01-27T19:16:06.225445Z,mapped
2026,Hyundai,Sonata,SEL Sport,29442A4S/01,2026 SONATA SEL SPORT AWD,2026 sonata sel sport awd,user,2026-01-27T19:17:49.380884Z,mapped
2026,Hyundai,Sonata,SEL Sport,29442F4S/01,2026 SONATA SEL SPORT FWD,2026 sonata sel sport fwd,user,2026-01-27T19:17:57.639202Z,mapped
2026,Kia,Sorento,LX,73222,2026 Sorento LX FWD,2026 sorento lx fwd,user,2026-01-27T19:56:22.756232Z,mapped
2026,Kia,Sorento,S,73432,2026 Sorento S AWD,2026 sorento s awd,user,2026-01-27T19:56:44.050129Z,mapped
2026,Kia,Sorento,S,73232,2026 Sorento S FWD,2026 sorento s fwd,user,2026-01-27T19:56:33.179164Z,mapped
2026,Hyundai,Tucson Plug-In Hybrid,Limited,854K2APT/01,2026 TUCSON Plug-in Hybrid LIMITED,2026 tucson plug in hybrid limited,user,2026-01-27T18:58:48.345912Z,mapped
2026,Hyundai,Tucson Plug-In Hybrid,SEL,854J2APT/01,2026 TUCSON Plug-in Hybrid SEL,2026 tucson plug in hybrid sel,user,2026-01-27T18:58:34.927702Z,mapped
2026,Lexus,TX,,,2026 TX 350,2026 tx 350,user,2026-01-28T18:00:27.113291Z,no_data
2026,Lexus,TXh,,,2026 TX 500h F SPORT PERFORMANCE PREMIUM AWD,2026 tx 500h f sport performance premium awd,user,2026-01-28T18:00:39.887270Z,no_data
2026,Volvo,B5 Cross Country,,,2026 V60 B5 AWD Cross Country Plus,2026 v60 b5 awd cross country plus,user,2026-01-27T15:12:37.837191Z,no_data
2026,Volvo,B5 Cross Country,,,2026 V60 B5 AWD Cross Country Ultra,2026 v60 b5 awd cross country ultra,user,2026-01-27T15:13:06.198234Z,no_data
2026,Volvo,B6 Cross Country,,,2026 V90 B6 AWD Cross Country Ultra,2026 v90 b6 awd cross country ultra,user,2026-01-27T15:13:18.289446Z,no_data
2026,Chrysler,Voyager,LX,RUCL53/27E,2026 VOYAGER LX,2026 voyager lx,user,2026-01-27T17:51:35.264338Z,mapped
2026,Jeep,Wrangler,Rubicon,JLJS72/22R,2026 WRANGLER 2-DOOR RUBICON,2026 wrangler 2 door rubicon,user,2026-01-28T16:52:10.389615Z,mapped
2026,Jeep,Wrangler,Rubicon X,JLJS72/22R,2026 WRANGLER 2-DOOR RUBICON X,2026 wrangler 2 door rubicon x,user,2026-01-28T16:53:28.789889Z,mapped
2026,Jeep,Wrangler,Sport,JLJL72/22B,2026 WRANGLER 2-DOOR SPORT,2026 wrangler 2 door sport,user,2026-01-28T16:48:34.384362Z,mapped
2026,Jeep,Wrangler,Sport S,JLJL72/22B,2026 WRANGLER 2-DOOR SPORT S,2026 wrangler 2 door sport s,user,2026-01-28T16:50:40.603662Z,mapped
2026,Jeep,Wrangler,Willys,JLJL72/22B,2026 WRANGLER 2-DOOR WILLYS,2026 wrangler 2 door willys,user,2026-01-28T16:51:29.065601Z,mapped
2026,Jeep,Wrangler,Rubicon,JLJS74/23R,2026 WRANGLER 4-DOOR RUBICON,2026 wrangler 4 door rubicon,user,2026-01-28T15:58:57.684613Z,mapped
2026,Jeep,Wrangler,Sahara,JLJP74/22G,2026 WRANGLER 4-DOOR SAHARA,2026 wrangler 4 door sahara,user,2026-01-28T15:57:18.877297Z,mapped
2026,Jeep,Wrangler,Sport,JLJL74/23B,2026 WRANGLER 4-DOOR SPORT,2026 wrangler 4 door sport,user,2026-01-28T16:49:30.004892Z,mapped
2026,Jeep,Wrangler,Willys,JLJL74/23B,2026 WRANGLER 4-DOOR WILLYS '41,2026 wrangler 4 door willys '41,user,2026-01-28T16:52:51.166959Z,mapped
2027,Acura,Integra,,,2027 Integra,2027 integra,user,2026-01-24T19:10:21.375861Z,no_data
